,hour,x,y,z,flux,temp,refl,0
1,12.0,27.0,27.0,0.0,121.5782,318.1879,64.9812,ground
2,12.0,28.0,27.0,0.0,121.4914,318.1788,64.9329,ground
3,12.0,29.0,27.0,0.0,121.3497,318.164,64.8376,ground
4,12.0,30.0,27.0,0.0,121.1802,318.1463,64.7197,ground
5,12.0,31.0,27.0,0.0,120.9873,318.1261,64.5721,ground
6,12.0,32.0,27.0,0.0,120.8132,318.1079,64.4274,ground
7,12.0,33.0,27.0,0.0,120.6306,318.0888,64.2527,ground
8,12.0,34.0,27.0,0.0,120.4829,318.0733,64.0977,ground
9,12.0,35.0,27.0,0.0,120.5137,318.0766,64.0954,ground
10,12.0,36.0,27.0,0.0,120.712,318.0973,64.2473,ground
11,12.0,37.0,27.0,0.0,120.9333,318.1205,64.4132,ground
12,12.0,38.0,27.0,0.0,121.1206,318.14,64.545,ground
13,12.0,39.0,27.0,0.0,121.3033,318.1591,64.6878,ground
14,12.0,40.0,27.0,0.0,121.4394,318.1734,64.8098,ground
15,12.0,41.0,27.0,0.0,121.5479,318.1847,64.9135,ground
16,12.0,42.0,27.0,0.0,121.5974,318.1899,64.9736,ground
17,12.0,27.0,28.0,0.0,121.5094,318.1807,64.9319,ground
18,12.0,28.0,28.0,0.0,121.409,318.1702,64.8772,ground
19,12.0,29.0,28.0,0.0,121.2255,318.1511,64.7563,ground
20,12.0,30.0,28.0,0.0,120.9774,318.1251,64.5795,ground
21,12.0,31.0,28.0,0.0,120.7099,318.0971,64.383,ground
22,12.0,32.0,28.0,0.0,120.4562,318.0706,64.1774,ground
23,12.0,33.0,28.0,0.0,120.1781,318.0414,63.9183,ground
24,12.0,34.0,28.0,0.0,119.9497,318.0176,63.6823,ground
25,12.0,35.0,28.0,0.0,119.9965,318.0224,63.6762,ground
26,12.0,36.0,28.0,0.0,120.2977,318.054,63.9044,ground
27,12.0,37.0,28.0,0.0,120.6209,318.0878,64.1498,ground
28,12.0,38.0,28.0,0.0,120.8819,318.1151,64.3407,ground
29,12.0,39.0,28.0,0.0,121.1186,318.1398,64.5357,ground
30,12.0,40.0,28.0,0.0,121.3277,318.1617,64.7191,ground
31,12.0,41.0,28.0,0.0,121.4709,318.1767,64.8523,ground
32,12.0,42.0,28.0,0.0,121.5307,318.1829,64.9222,ground
33,12.0,27.0,29.0,0.0,121.4072,318.17,64.8427,ground
34,12.0,28.0,29.0,0.0,121.2682,318.1555,64.7663,ground
35,12.0,29.0,29.0,0.0,121.0144,318.129,64.6023,ground
36,12.0,30.0,29.0,0.0,120.6319,318.089,64.3383,ground
37,12.0,31.0,29.0,0.0,120.1766,318.0413,64.0125,ground
38,12.0,32.0,29.0,0.0,119.7217,317.9937,63.6515,ground
39,12.0,33.0,29.0,0.0,119.1881,317.9378,63.1684,ground
40,12.0,34.0,29.0,0.0,118.7644,317.8935,62.7302,ground
41,12.0,35.0,29.0,0.0,118.8609,317.9036,62.7148,ground
42,12.0,36.0,29.0,0.0,119.4195,317.9621,63.1332,ground
43,12.0,37.0,29.0,0.0,120.0019,318.023,63.5945,ground
44,12.0,38.0,29.0,0.0,120.4374,318.0685,63.9366,ground
45,12.0,39.0,29.0,0.0,120.8287,318.1095,64.266,ground
46,12.0,40.0,29.0,0.0,121.1493,318.143,64.5443,ground
47,12.0,41.0,29.0,0.0,121.3458,318.1636,64.7293,ground
48,12.0,42.0,29.0,0.0,121.4328,318.1727,64.8293,ground
49,12.0,27.0,30.0,0.0,121.2979,318.1586,64.7393,ground
50,12.0,28.0,30.0,0.0,121.0912,318.137,64.6142,ground
51,12.0,29.0,30.0,0.0,120.7168,318.0979,64.3723,ground
52,12.0,30.0,30.0,0.0,120.1262,318.0361,63.9739,ground
53,12.0,31.0,30.0,0.0,119.3297,317.9528,63.4277,ground
54,12.0,32.0,30.0,0.0,118.4482,317.8604,62.775,ground
55,12.0,33.0,30.0,0.0,117.317,317.7419,61.7871,ground
56,12.0,34.0,30.0,0.0,116.5197,317.6584,60.916,ground
57,12.0,35.0,30.0,0.0,116.7391,317.6814,60.8781,ground
58,12.0,36.0,30.0,0.0,117.8249,317.7951,61.6996,ground
59,12.0,37.0,30.0,0.0,118.975,317.9155,62.6549,ground
60,12.0,38.0,30.0,0.0,119.743,317.9958,63.2859,ground
61,12.0,39.0,30.0,0.0,120.4035,318.0649,63.8494,ground
62,12.0,40.0,30.0,0.0,120.8939,318.1162,64.2798,ground
63,12.0,41.0,30.0,0.0,121.1873,318.147,64.5584,ground
64,12.0,42.0,30.0,0.0,121.3298,318.1619,64.7201,ground
65,12.0,27.0,31.0,0.0,121.0301,318.1306,64.6155,ground
66,12.0,28.0,31.0,0.0,120.9255,318.1197,64.4579,ground
67,12.0,29.0,31.0,0.0,120.4042,318.0653,64.1126,ground
68,12.0,30.0,31.0,0.0,119.5261,317.9734,63.5247,ground
69,12.0,31.0,31.0,0.0,118.2106,317.8357,62.6765,ground
70,12.0,32.0,31.0,0.0,116.4678,317.6531,61.5286,ground
71,12.0,33.0,31.0,0.0,113.8619,317.3799,59.4327,ground
72,12.0,34.0,31.0,0.0,112.418,317.2284,57.6414,ground
73,12.0,35.0,31.0,0.0,112.9595,317.2852,57.5428,ground
74,12.0,36.0,31.0,0.0,115.0898,317.5086,59.2114,ground
75,12.0,37.0,31.0,0.0,117.4578,317.7566,61.2724,ground
76,12.0,38.0,31.0,0.0,118.8132,317.8984,62.4145,ground
77,12.0,39.0,31.0,0.0,119.5663,317.9772,63.3176,ground
78,12.0,40.0,31.0,0.0,120.3003,318.0541,63.9715,ground
79,12.0,41.0,31.0,0.0,120.7183,318.0979,64.3784,ground
80,12.0,42.0,31.0,0.0,120.905,318.1175,64.5895,ground
81,12.0,27.0,32.0,0.0,119.0008,317.9183,64.5025,ground
82,12.0,28.0,32.0,0.0,117.2387,317.7339,64.3084,ground
83,12.0,29.0,32.0,0.0,116.5906,317.6661,63.8535,ground
84,12.0,30.0,32.0,0.0,112.1721,317.2028,63.0589,ground
85,12.0,31.0,32.0,0.0,110.3625,317.0101,61.8563,ground
86,12.0,32.0,32.0,0.0,108.8568,316.8506,60.1923,ground
87,12.0,33.0,32.0,0.0,100.5394,315.968,54.8453,ground
88,12.0,34.0,32.0,0.0,76.4601,313.4342,38.2789,ground
89,12.0,35.0,32.0,0.0,80.7302,313.8869,38.124,ground
90,12.0,36.0,32.0,0.0,85.261,314.369,40.3687,ground
91,12.0,37.0,32.0,0.0,91.2124,314.9937,45.8591,ground
92,12.0,38.0,32.0,0.0,93.6519,315.2495,47.616,ground
93,12.0,39.0,32.0,0.0,118.6723,317.8835,62.7384,ground
94,12.0,40.0,32.0,0.0,119.71,317.9923,63.6513,ground
95,12.0,41.0,32.0,0.0,120.243,318.0481,64.1987,ground
96,12.0,42.0,32.0,0.0,120.4798,318.073,64.4672,ground
97,12.0,27.0,33.0,0.0,118.8871,317.9064,64.3477,ground
98,12.0,28.0,33.0,0.0,117.0647,317.7157,64.0955,ground
99,12.0,29.0,33.0,0.0,116.2368,317.6291,63.4627,ground
100,12.0,30.0,33.0,0.0,108.0852,316.7737,62.2642,ground
101,12.0,31.0,33.0,0.0,105.2657,316.4238,60.2005,ground
102,12.0,32.0,33.0,0.0,98.1043,315.6446,56.1475,ground
103,12.0,37.0,33.0,0.0,60.9174,311.8045,27.2496,ground
104,12.0,38.0,33.0,0.0,67.8263,312.5305,31.8765,ground
105,12.0,39.0,33.0,0.0,117.9393,317.8066,61.8026,ground
106,12.0,40.0,33.0,0.0,119.3954,317.9593,63.1934,ground
107,12.0,41.0,33.0,0.0,120.0817,318.0312,63.9538,ground
108,12.0,42.0,33.0,0.0,120.3759,318.0621,64.3029,ground
109,12.0,27.0,34.0,0.0,118.7711,317.8943,64.1978,ground
110,12.0,28.0,34.0,0.0,116.8828,317.6967,63.8781,ground
111,12.0,29.0,34.0,0.0,115.9051,317.5944,63.072,ground
112,12.0,30.0,34.0,0.0,107.4643,316.7085,61.4976,ground
113,12.0,31.0,34.0,0.0,104.1858,316.3059,58.6337,ground
114,12.0,32.0,34.0,0.0,98.5601,315.6914,53.7524,ground
115,12.0,37.0,34.0,0.0,62.4625,311.9667,24.4757,ground
116,12.0,38.0,34.0,0.0,67.0975,312.4539,30.0805,ground
117,12.0,39.0,34.0,0.0,117.4728,317.7577,60.9277,ground
118,12.0,40.0,34.0,0.0,119.1334,317.9318,62.7509,ground
119,12.0,41.0,34.0,0.0,119.9283,318.0151,63.7144,ground
120,12.0,42.0,34.0,0.0,120.2656,318.0506,64.1469,ground
121,12.0,27.0,35.0,0.0,118.8017,317.8975,64.1911,ground
122,12.0,28.0,35.0,0.0,116.9302,317.7016,63.869,ground
123,12.0,29.0,35.0,0.0,116.0024,317.6045,63.0554,ground
124,12.0,30.0,35.0,0.0,107.6851,316.7317,61.4621,ground
125,12.0,31.0,35.0,0.0,104.7179,316.3632,58.5524,ground
126,12.0,32.0,35.0,0.0,99.3969,315.7822,53.6248,ground
127,12.0,37.0,35.0,0.0,63.4629,312.0718,24.321,ground
128,12.0,38.0,35.0,0.0,67.7236,312.5196,29.9804,ground
129,12.0,39.0,35.0,0.0,118.047,317.8178,60.8843,ground
130,12.0,40.0,35.0,0.0,119.2434,317.9433,62.7308,ground
131,12.0,41.0,35.0,0.0,119.9806,318.0206,63.7039,ground
132,12.0,42.0,35.0,0.0,120.2974,318.0539,64.1398,ground
133,12.0,27.0,36.0,0.0,120.9152,318.1186,64.3293,ground
134,12.0,28.0,36.0,0.0,118.9906,317.9174,64.0713,ground
135,12.0,29.0,36.0,0.0,118.2767,317.8427,63.4213,ground
136,12.0,30.0,36.0,0.0,113.6862,317.3618,62.1817,ground
137,12.0,31.0,36.0,0.0,110.3113,317.0042,60.0127,ground
138,12.0,32.0,36.0,0.0,101.7391,316.0382,55.5913,ground
139,12.0,37.0,36.0,0.0,65.3838,312.2737,26.5687,ground
140,12.0,38.0,36.0,0.0,93.3771,315.2204,45.425,ground
141,12.0,39.0,36.0,0.0,119.2394,317.9427,61.7016,ground
142,12.0,40.0,36.0,0.0,120.3305,318.0571,63.1437,ground
143,12.0,41.0,36.0,0.0,120.8862,318.1154,63.9259,ground
144,12.0,42.0,36.0,0.0,121.1245,318.1404,64.2836,ground
145,12.0,27.0,37.0,0.0,121.2321,318.1517,64.4801,ground
146,12.0,28.0,37.0,0.0,120.9688,318.1243,64.2814,ground
147,12.0,29.0,37.0,0.0,120.4417,318.0693,63.8133,ground
148,12.0,30.0,37.0,0.0,119.5422,317.9753,62.9922,ground
149,12.0,31.0,37.0,0.0,118.0974,317.8241,61.7522,ground
150,12.0,32.0,37.0,0.0,115.4615,317.5479,60.1501,ground
151,12.0,33.0,37.0,0.0,107.3885,316.7003,55.2978,ground
152,12.0,34.0,37.0,0.0,108.4334,316.8101,52.9215,ground
153,12.0,35.0,37.0,0.0,109.4,316.9116,52.8454,ground
154,12.0,36.0,37.0,0.0,111.6861,317.1516,54.9501,ground
155,12.0,37.0,37.0,0.0,117.2119,317.7306,59.6573,ground
156,12.0,38.0,37.0,0.0,118.9305,317.9104,61.2801,ground
157,12.0,39.0,37.0,0.0,120.0249,318.025,62.6608,ground
158,12.0,40.0,37.0,0.0,120.7221,318.0981,63.6046,ground
159,12.0,41.0,37.0,0.0,121.1147,318.1393,64.1686,ground
160,12.0,42.0,37.0,0.0,121.2776,318.1564,64.444,ground
161,12.0,27.0,38.0,0.0,121.3278,318.1618,64.5992,ground
162,12.0,28.0,38.0,0.0,121.1073,318.1387,64.4395,ground
163,12.0,29.0,38.0,0.0,120.6818,318.0943,64.0915,ground
164,12.0,30.0,38.0,0.0,119.9716,318.0201,63.505,ground
165,12.0,31.0,38.0,0.0,118.8762,317.9054,62.6842,ground
166,12.0,32.0,38.0,0.0,117.257,317.7358,61.6545,ground
167,12.0,33.0,38.0,0.0,114.9137,317.4901,59.7551,ground
168,12.0,34.0,38.0,0.0,113.8717,317.3809,58.1213,ground
169,12.0,35.0,38.0,0.0,114.4816,317.4448,58.0709,ground
170,12.0,36.0,38.0,0.0,116.3036,317.6358,59.644,ground
171,12.0,37.0,38.0,0.0,118.4033,317.8556,61.4698,ground
172,12.0,38.0,38.0,0.0,119.5928,317.98,62.4433,ground
173,12.0,39.0,38.0,0.0,120.3975,318.0642,63.3013,ground
174,12.0,40.0,38.0,0.0,120.9327,318.1202,63.9498,ground
175,12.0,41.0,38.0,0.0,121.2367,318.1521,64.3592,ground
176,12.0,42.0,38.0,0.0,121.3694,318.166,64.5728,ground
177,12.0,27.0,39.0,0.0,121.4293,318.1724,64.7295,ground
178,12.0,28.0,39.0,0.0,121.2446,318.1531,64.6056,ground
179,12.0,29.0,39.0,0.0,120.9329,318.1205,64.3673,ground
180,12.0,30.0,39.0,0.0,120.437,318.0686,63.9822,ground
181,12.0,31.0,39.0,0.0,119.7475,317.9965,63.4709,ground
182,12.0,32.0,39.0,0.0,118.9461,317.9126,62.8906,ground
183,12.0,33.0,39.0,0.0,117.9597,317.8092,61.9936,ground
184,12.0,34.0,39.0,0.0,117.3379,317.7441,61.1906,ground
185,12.0,35.0,39.0,0.0,117.5866,317.7702,61.1721,ground
186,12.0,36.0,39.0,0.0,118.5361,317.8696,61.9508,ground
187,12.0,37.0,39.0,0.0,119.5502,317.9757,62.8105,ground
188,12.0,38.0,39.0,0.0,120.227,318.0465,63.3502,ground
189,12.0,39.0,39.0,0.0,120.7591,318.1021,63.8659,ground
190,12.0,40.0,39.0,0.0,121.1368,318.1416,64.2776,ground
191,12.0,41.0,39.0,0.0,121.3549,318.1645,64.5508,ground
192,12.0,42.0,39.0,0.0,121.4657,318.1761,64.7105,ground
193,12.0,27.0,40.0,0.0,121.5045,318.1802,64.839,ground
194,12.0,28.0,40.0,0.0,121.3814,318.1674,64.7641,ground
195,12.0,29.0,40.0,0.0,121.1658,318.1448,64.6052,ground
196,12.0,30.0,40.0,0.0,120.8354,318.1103,64.3539,ground
197,12.0,31.0,40.0,0.0,120.4343,318.0683,64.0527,ground
198,12.0,32.0,40.0,0.0,120.0268,318.0256,63.7316,ground
199,12.0,33.0,40.0,0.0,119.5667,317.9775,63.2916,ground
200,12.0,34.0,40.0,0.0,119.2257,317.9418,62.8843,ground
201,12.0,35.0,40.0,0.0,119.3348,317.9532,62.877,ground
202,12.0,36.0,40.0,0.0,119.8283,318.0049,63.2759,ground
203,12.0,37.0,40.0,0.0,120.3449,318.0589,63.695,ground
204,12.0,38.0,40.0,0.0,120.731,318.0992,63.9906,ground
205,12.0,39.0,40.0,0.0,121.0597,318.1336,64.2887,ground
206,12.0,40.0,40.0,0.0,121.3191,318.1608,64.5505,ground
207,12.0,41.0,40.0,0.0,121.4697,318.1765,64.7285,ground
208,12.0,42.0,40.0,0.0,121.5338,318.1832,64.826,ground
209,12.0,27.0,41.0,0.0,121.571,318.1872,64.931,ground
210,12.0,28.0,41.0,0.0,121.4786,318.1775,64.8777,ground
211,12.0,29.0,41.0,0.0,121.3139,318.1603,64.7607,ground
212,12.0,30.0,41.0,0.0,121.0897,318.1368,64.5923,ground
213,12.0,31.0,41.0,0.0,120.846,318.1113,64.4089,ground
214,12.0,32.0,41.0,0.0,120.6197,318.0877,64.2228,ground
215,12.0,33.0,41.0,0.0,120.3789,318.0625,63.9836,ground
216,12.0,34.0,41.0,0.0,120.1849,318.0422,63.7607,ground
217,12.0,35.0,41.0,0.0,120.2372,318.0476,63.7578,ground
218,12.0,36.0,41.0,0.0,120.5116,318.0764,63.978,ground
219,12.0,37.0,41.0,0.0,120.8017,318.1067,64.2044,ground
220,12.0,38.0,41.0,0.0,121.0362,318.1312,64.3739,ground
221,12.0,39.0,41.0,0.0,121.2462,318.1532,64.5528,ground
222,12.0,40.0,41.0,0.0,121.4274,318.1721,64.7259,ground
223,12.0,41.0,41.0,0.0,121.5473,318.1847,64.8539,ground
224,12.0,42.0,41.0,0.0,121.5952,318.1897,64.9217,ground
225,12.0,27.0,42.0,0.0,121.5998,318.1902,64.9816,ground
226,12.0,28.0,42.0,0.0,121.5163,318.1814,64.9337,ground
227,12.0,29.0,42.0,0.0,121.3796,318.1672,64.8399,ground
228,12.0,30.0,42.0,0.0,121.2178,318.1502,64.7245,ground
229,12.0,31.0,42.0,0.0,121.0313,318.1307,64.5808,ground
230,12.0,32.0,42.0,0.0,120.8653,318.1133,64.4424,ground
231,12.0,33.0,42.0,0.0,120.6954,318.0956,64.2732,ground
232,12.0,34.0,42.0,0.0,120.5551,318.0809,64.1224,ground
233,12.0,35.0,42.0,0.0,120.5872,318.0843,64.1209,ground
234,12.0,36.0,42.0,0.0,120.7804,318.1045,64.2699,ground
235,12.0,37.0,42.0,0.0,120.9901,318.1264,64.4308,ground
236,12.0,38.0,42.0,0.0,121.1703,318.1452,64.556,ground
237,12.0,39.0,42.0,0.0,121.3456,318.1636,64.6941,ground
238,12.0,40.0,42.0,0.0,121.4727,318.1768,64.813,ground
239,12.0,41.0,42.0,0.0,121.5748,318.1875,64.9148,ground
240,12.0,42.0,42.0,0.0,121.6198,318.1922,64.9742,ground
1,12.0,27.0,27.0,0.0,121.5928,318.189,64.9811,ground
2,12.0,28.0,27.0,0.0,121.5141,318.1808,64.9329,ground
3,12.0,29.0,27.0,0.0,121.3772,318.1665,64.8375,ground
4,12.0,30.0,27.0,0.0,121.207,318.1487,64.7196,ground
5,12.0,31.0,27.0,0.0,121.0064,318.1277,64.572,ground
6,12.0,32.0,27.0,0.0,120.8194,318.1082,64.4273,ground
7,12.0,33.0,27.0,0.0,120.6339,318.0888,64.2526,ground
8,12.0,34.0,27.0,0.0,120.4931,318.074,64.0976,ground
9,12.0,35.0,27.0,0.0,120.5304,318.0779,64.0953,ground
10,12.0,36.0,27.0,0.0,120.7344,318.0993,64.2472,ground
11,12.0,37.0,27.0,0.0,120.951,318.1219,64.4131,ground
12,12.0,38.0,27.0,0.0,121.1236,318.14,64.5449,ground
13,12.0,39.0,27.0,0.0,121.2968,318.1581,64.6878,ground
14,12.0,40.0,27.0,0.0,121.4306,318.1721,64.8097,ground
15,12.0,41.0,27.0,0.0,121.5427,318.1838,64.9135,ground
16,12.0,42.0,27.0,0.0,121.5999,318.1898,64.9736,ground
17,12.0,27.0,28.0,0.0,121.5252,318.182,64.9318,ground
18,12.0,28.0,28.0,0.0,121.4357,318.1726,64.8771,ground
19,12.0,29.0,28.0,0.0,121.2591,318.1542,64.7562,ground
20,12.0,30.0,28.0,0.0,121.011,318.1282,64.5795,ground
21,12.0,31.0,28.0,0.0,120.735,318.0994,64.3829,ground
22,12.0,32.0,28.0,0.0,120.4645,318.071,64.1773,ground
23,12.0,33.0,28.0,0.0,120.1792,318.0412,63.9182,ground
24,12.0,34.0,28.0,0.0,119.9581,318.0181,63.6822,ground
25,12.0,35.0,28.0,0.0,120.0106,318.0236,63.6761,ground
26,12.0,36.0,28.0,0.0,120.3182,318.0558,63.9044,ground
27,12.0,37.0,28.0,0.0,120.6332,318.0887,64.1498,ground
28,12.0,38.0,28.0,0.0,120.8764,318.1141,64.3407,ground
29,12.0,39.0,28.0,0.0,121.1035,318.1379,64.5357,ground
30,12.0,40.0,28.0,0.0,121.3118,318.1596,64.719,ground
31,12.0,41.0,28.0,0.0,121.4611,318.1753,64.8522,ground
32,12.0,42.0,28.0,0.0,121.5313,318.1826,64.9222,ground
33,12.0,27.0,29.0,0.0,121.4265,318.1717,64.8426,ground
34,12.0,28.0,29.0,0.0,121.3057,318.1591,64.7662,ground
35,12.0,29.0,29.0,0.0,121.0656,318.134,64.6022,ground
36,12.0,30.0,29.0,0.0,120.6866,318.0943,64.3382,ground
37,12.0,31.0,29.0,0.0,120.2205,318.0456,64.0124,ground
38,12.0,32.0,29.0,0.0,119.7368,317.9949,63.6514,ground
39,12.0,33.0,29.0,0.0,119.1877,317.9375,63.1682,ground
40,12.0,34.0,29.0,0.0,118.7715,317.8939,62.73,ground
41,12.0,35.0,29.0,0.0,118.8743,317.9047,62.7146,ground
42,12.0,36.0,29.0,0.0,119.4392,317.9638,63.1331,ground
43,12.0,37.0,29.0,0.0,120.0051,318.023,63.5944,ground
44,12.0,38.0,29.0,0.0,120.4115,318.0655,63.9365,ground
45,12.0,39.0,29.0,0.0,120.7916,318.1052,64.2659,ground
46,12.0,40.0,29.0,0.0,121.115,318.1391,64.5442,ground
47,12.0,41.0,29.0,0.0,121.3246,318.161,64.7292,ground
48,12.0,42.0,29.0,0.0,121.4295,318.172,64.8292,ground
49,12.0,27.0,30.0,0.0,121.323,318.1608,64.7392,ground
50,12.0,28.0,30.0,0.0,121.1483,318.1426,64.6141,ground
51,12.0,29.0,30.0,0.0,120.8019,318.1064,64.3723,ground
52,12.0,30.0,30.0,0.0,120.2269,318.0463,63.9738,ground
53,12.0,31.0,30.0,0.0,119.4186,317.9617,63.4275,ground
54,12.0,32.0,30.0,0.0,118.4832,317.8638,62.7748,ground
55,12.0,33.0,30.0,0.0,117.3177,317.7417,61.7868,ground
56,12.0,34.0,30.0,0.0,116.5265,317.6588,60.9156,ground
57,12.0,35.0,30.0,0.0,116.7524,317.6825,60.8778,ground
58,12.0,36.0,30.0,0.0,117.8421,317.7966,61.6993,ground
59,12.0,37.0,30.0,0.0,118.9571,317.9133,62.6547,ground
60,12.0,38.0,30.0,0.0,119.6716,317.9881,63.2857,ground
61,12.0,39.0,30.0,0.0,120.32,318.0559,63.8493,ground
62,12.0,40.0,30.0,0.0,120.8255,318.1088,64.2798,ground
63,12.0,41.0,30.0,0.0,121.1463,318.1423,64.5583,ground
64,12.0,42.0,30.0,0.0,121.3205,318.1606,64.7201,ground
65,12.0,27.0,31.0,0.0,121.0632,318.1337,64.6155,ground
66,12.0,28.0,31.0,0.0,121.0102,318.1282,64.4578,ground
67,12.0,29.0,31.0,0.0,120.5437,318.0794,64.1125,ground
68,12.0,30.0,31.0,0.0,119.7129,317.9925,63.5245,ground
69,12.0,31.0,31.0,0.0,118.4038,317.8555,62.6762,ground
70,12.0,32.0,31.0,0.0,116.5637,317.6628,61.5282,ground
71,12.0,33.0,31.0,0.0,113.8677,317.3802,59.4319,ground
72,12.0,34.0,31.0,0.0,112.4307,317.2295,57.6404,ground
73,12.0,35.0,31.0,0.0,112.9681,317.2859,57.5418,ground
74,12.0,36.0,31.0,0.0,115.098,317.5092,59.2109,ground
75,12.0,37.0,31.0,0.0,117.3767,317.7478,61.2721,ground
76,12.0,38.0,31.0,0.0,118.6378,317.8798,62.4142,ground
77,12.0,39.0,31.0,0.0,119.3975,317.9593,63.3175,ground
78,12.0,40.0,31.0,0.0,120.1779,318.041,63.9714,ground
79,12.0,41.0,31.0,0.0,120.6499,318.0904,64.3784,ground
80,12.0,42.0,31.0,0.0,120.8877,318.1153,64.5894,ground
81,12.0,27.0,32.0,0.0,119.0461,317.9227,64.5024,ground
82,12.0,28.0,32.0,0.0,117.3616,317.7464,64.3083,ground
83,12.0,29.0,32.0,0.0,116.8072,317.6884,63.8533,ground
84,12.0,30.0,32.0,0.0,112.4999,317.2369,63.0587,ground
85,12.0,31.0,32.0,0.0,110.7762,317.0561,61.8558,ground
86,12.0,32.0,32.0,0.0,109.1788,316.8883,60.1912,ground
87,12.0,33.0,32.0,0.0,100.5072,315.9763,54.8424,ground
88,12.0,34.0,32.0,0.0,76.4874,313.4373,38.2761,ground
89,12.0,35.0,32.0,0.0,80.7285,313.8869,38.1216,ground
90,12.0,36.0,32.0,0.0,85.2175,314.3622,40.3671,ground
91,12.0,37.0,32.0,0.0,90.8647,314.9593,45.8584,ground
92,12.0,38.0,32.0,0.0,93.2193,315.208,47.6156,ground
93,12.0,39.0,32.0,0.0,118.3634,317.851,62.7382,ground
94,12.0,40.0,32.0,0.0,119.5111,317.9712,63.6512,ground
95,12.0,41.0,32.0,0.0,120.1366,318.0367,64.1986,ground
96,12.0,42.0,32.0,0.0,120.4505,318.0696,64.4671,ground
97,12.0,27.0,33.0,0.0,118.9442,317.912,64.3476,ground
98,12.0,28.0,33.0,0.0,117.2285,317.7325,64.0954,ground
99,12.0,29.0,33.0,0.0,116.541,317.6605,63.4626,ground
100,12.0,30.0,33.0,0.0,108.5974,316.8273,62.2638,ground
101,12.0,31.0,33.0,0.0,105.7984,316.5333,60.1995,ground
102,12.0,32.0,33.0,0.0,98.9829,315.8156,56.1435,ground
103,12.0,37.0,33.0,0.0,59.7457,311.6605,27.2467,ground
104,12.0,38.0,33.0,0.0,67.0896,312.4406,31.8757,ground
105,12.0,39.0,33.0,0.0,117.449,317.7552,61.8023,ground
106,12.0,40.0,33.0,0.0,119.1105,317.9292,63.1932,ground
107,12.0,41.0,33.0,0.0,119.935,318.0156,63.9537,ground
108,12.0,42.0,33.0,0.0,120.3351,318.0575,64.3028,ground
109,12.0,27.0,34.0,0.0,118.8366,317.9008,64.1977,ground
110,12.0,28.0,34.0,0.0,117.075,317.7164,63.8779,ground
111,12.0,29.0,34.0,0.0,116.2773,317.6329,63.0718,ground
112,12.0,30.0,34.0,0.0,108.126,316.7778,61.4971,ground
113,12.0,31.0,34.0,0.0,105.0448,316.454,58.6323,ground
114,12.0,32.0,34.0,0.0,100.3326,315.9579,53.7484,ground
115,12.0,37.0,34.0,0.0,60.4002,311.7313,24.4729,ground
116,12.0,38.0,34.0,0.0,66.0222,312.3275,30.0795,ground
117,12.0,39.0,34.0,0.0,116.8363,317.6909,60.9273,ground
118,12.0,40.0,34.0,0.0,118.7819,317.8948,62.7507,ground
119,12.0,41.0,34.0,0.0,119.7538,317.9966,63.7142,ground
120,12.0,42.0,34.0,0.0,120.2167,318.0451,64.1468,ground
121,12.0,27.0,35.0,0.0,118.8683,317.9041,64.191,ground
122,12.0,28.0,35.0,0.0,117.1275,317.7219,63.8689,ground
123,12.0,29.0,35.0,0.0,116.3875,317.6445,63.0551,ground
124,12.0,30.0,35.0,0.0,108.3783,316.8044,61.4617,ground
125,12.0,31.0,35.0,0.0,105.6655,316.5193,58.5512,ground
126,12.0,32.0,35.0,0.0,101.3156,316.0615,53.6212,ground
127,12.0,37.0,35.0,0.0,61.2649,311.8233,24.3186,ground
128,12.0,38.0,35.0,0.0,66.5653,312.3853,29.9795,ground
129,12.0,39.0,35.0,0.0,117.3796,317.7478,60.8839,ground
130,12.0,40.0,35.0,0.0,118.8791,317.9049,62.7306,ground
131,12.0,41.0,35.0,0.0,119.8008,318.0015,63.7038,ground
132,12.0,42.0,35.0,0.0,120.2471,318.0483,64.1397,ground
133,12.0,27.0,36.0,0.0,120.9755,318.1245,64.3293,ground
134,12.0,28.0,36.0,0.0,119.1672,317.9354,64.0712,ground
135,12.0,29.0,36.0,0.0,118.6119,317.8774,63.4211,ground
136,12.0,30.0,36.0,0.0,114.272,317.4229,62.1813,ground
137,12.0,31.0,36.0,0.0,111.3079,317.1121,60.0119,ground
138,12.0,32.0,36.0,0.0,103.3116,316.2717,55.589,ground
139,12.0,37.0,36.0,0.0,63.5631,312.0671,26.5671,ground
140,12.0,38.0,36.0,0.0,92.3711,315.1186,45.4244,ground
141,12.0,39.0,36.0,0.0,118.6777,317.8837,61.7013,ground
142,12.0,40.0,36.0,0.0,120.0147,318.0238,63.1435,ground
143,12.0,41.0,36.0,0.0,120.7263,318.0983,63.9258,ground
144,12.0,42.0,36.0,0.0,121.0798,318.1354,64.2835,ground
145,12.0,27.0,37.0,0.0,121.2815,318.1565,64.4801,ground
146,12.0,28.0,37.0,0.0,121.1072,318.1384,64.2813,ground
147,12.0,29.0,37.0,0.0,120.6935,318.0952,63.8131,ground
148,12.0,30.0,37.0,0.0,119.9416,318.0166,62.992,ground
149,12.0,31.0,37.0,0.0,118.6649,317.8831,61.7518,ground
150,12.0,32.0,37.0,0.0,115.9847,317.6024,60.1492,ground
151,12.0,33.0,37.0,0.0,107.4397,316.7056,55.2944,ground
152,12.0,34.0,37.0,0.0,108.5717,316.8245,52.9181,ground
153,12.0,35.0,37.0,0.0,109.5681,316.9292,52.8424,ground
154,12.0,36.0,37.0,0.0,111.8414,317.1678,54.9481,ground
155,12.0,37.0,37.0,0.0,116.7639,317.6835,59.6567,ground
156,12.0,38.0,37.0,0.0,118.4023,317.8549,61.2798,ground
157,12.0,39.0,37.0,0.0,119.652,317.9858,62.6606,ground
158,12.0,40.0,37.0,0.0,120.4908,318.0736,63.6045,ground
159,12.0,41.0,37.0,0.0,120.9937,318.1263,64.1685,ground
160,12.0,42.0,37.0,0.0,121.2441,318.1526,64.4439,ground
161,12.0,27.0,38.0,0.0,121.366,318.1654,64.5991,ground
162,12.0,28.0,38.0,0.0,121.2064,318.1487,64.4394,ground
163,12.0,29.0,38.0,0.0,120.8495,318.1114,64.0914,ground
164,12.0,30.0,38.0,0.0,120.2063,318.0442,63.5048,ground
165,12.0,31.0,38.0,0.0,119.1361,317.9322,62.684,ground
166,12.0,32.0,38.0,0.0,117.4042,317.7509,61.6541,ground
167,12.0,33.0,38.0,0.0,114.9564,317.4944,59.7542,ground
168,12.0,34.0,38.0,0.0,113.9522,317.3891,58.1201,ground
169,12.0,35.0,38.0,0.0,114.5797,317.4549,58.0698,ground
170,12.0,36.0,38.0,0.0,116.3962,317.6452,59.6433,ground
171,12.0,37.0,38.0,0.0,118.3371,317.8484,61.4695,ground
172,12.0,38.0,38.0,0.0,119.3812,317.9576,62.4431,ground
173,12.0,39.0,38.0,0.0,120.1946,318.0427,63.3012,ground
174,12.0,40.0,38.0,0.0,120.7885,318.1048,63.9497,ground
175,12.0,41.0,38.0,0.0,121.157,318.1434,64.3592,ground
176,12.0,42.0,38.0,0.0,121.3489,318.1635,64.5728,ground
177,12.0,27.0,39.0,0.0,121.4588,318.175,64.7294,ground
178,12.0,28.0,39.0,0.0,121.3124,318.1598,64.6056,ground
179,12.0,29.0,39.0,0.0,121.0367,318.131,64.3672,ground
180,12.0,30.0,39.0,0.0,120.5655,318.0817,63.9821,ground
181,12.0,31.0,39.0,0.0,119.8693,318.0089,63.4707,ground
182,12.0,32.0,39.0,0.0,119.0084,317.9187,62.8904,ground
183,12.0,33.0,39.0,0.0,117.9882,317.8119,61.9932,ground
184,12.0,34.0,39.0,0.0,117.3853,317.7488,61.1901,ground
185,12.0,35.0,39.0,0.0,117.648,317.7763,61.1717,ground
186,12.0,36.0,39.0,0.0,118.5975,317.8757,61.9505,ground
187,12.0,37.0,39.0,0.0,119.5526,317.9756,62.8103,ground
188,12.0,38.0,39.0,0.0,120.1502,318.0381,63.35,ground
189,12.0,39.0,39.0,0.0,120.6626,318.0917,63.8658,ground
190,12.0,40.0,39.0,0.0,121.0574,318.133,64.2775,ground
191,12.0,41.0,39.0,0.0,121.3075,318.1592,64.5508,ground
192,12.0,42.0,39.0,0.0,121.4549,318.1746,64.7104,ground
193,12.0,27.0,40.0,0.0,121.527,318.1822,64.839,ground
194,12.0,28.0,40.0,0.0,121.4262,318.1717,64.764,ground
195,12.0,29.0,40.0,0.0,121.2286,318.151,64.6051,ground
196,12.0,30.0,40.0,0.0,120.9057,318.1172,64.3538,ground
197,12.0,31.0,40.0,0.0,120.4956,318.0743,64.0526,ground
198,12.0,32.0,40.0,0.0,120.0577,318.0285,63.7314,ground
199,12.0,33.0,40.0,0.0,119.5838,317.9789,63.2914,ground
200,12.0,34.0,40.0,0.0,119.2562,317.9447,62.8841,ground
201,12.0,35.0,40.0,0.0,119.3743,317.957,62.8768,ground
202,12.0,36.0,40.0,0.0,119.8722,318.0091,63.2758,ground
203,12.0,37.0,40.0,0.0,120.3627,318.0604,63.6949,ground
204,12.0,38.0,40.0,0.0,120.7074,318.0964,63.9905,ground
205,12.0,39.0,40.0,0.0,121.0188,318.129,64.2886,ground
206,12.0,40.0,40.0,0.0,121.2799,318.1563,64.5504,ground
207,12.0,41.0,40.0,0.0,121.4452,318.1736,64.7285,ground
208,12.0,42.0,40.0,0.0,121.5301,318.1825,64.8259,ground
209,12.0,27.0,41.0,0.0,121.5889,318.1886,64.931,ground
210,12.0,28.0,41.0,0.0,121.5093,318.1803,64.8777,ground
211,12.0,29.0,41.0,0.0,121.3539,318.1641,64.7606,ground
212,12.0,30.0,41.0,0.0,121.1316,318.1408,64.5922,ground
213,12.0,31.0,41.0,0.0,120.8799,318.1145,64.4088,ground
214,12.0,32.0,41.0,0.0,120.6364,318.089,64.2227,ground
215,12.0,33.0,41.0,0.0,120.3893,318.0632,63.9835,ground
216,12.0,34.0,41.0,0.0,120.2052,318.0439,63.7605,ground
217,12.0,35.0,41.0,0.0,120.2645,318.0501,63.7577,ground
218,12.0,36.0,41.0,0.0,120.5446,318.0794,63.9779,ground
219,12.0,37.0,41.0,0.0,120.8221,318.1085,64.2043,ground
220,12.0,38.0,41.0,0.0,121.0333,318.1305,64.3739,ground
221,12.0,39.0,41.0,0.0,121.2304,318.1511,64.5527,ground
222,12.0,40.0,41.0,0.0,121.4096,318.1699,64.7258,ground
223,12.0,41.0,41.0,0.0,121.5362,318.1831,64.8538,ground
224,12.0,42.0,41.0,0.0,121.5959,318.1894,64.9217,ground
225,12.0,27.0,42.0,0.0,121.6151,318.1914,64.9816,ground
226,12.0,28.0,42.0,0.0,121.5405,318.1836,64.9337,ground
227,12.0,29.0,42.0,0.0,121.4092,318.1699,64.8399,ground
228,12.0,30.0,42.0,0.0,121.2472,318.1529,64.7244,ground
229,12.0,31.0,42.0,0.0,121.0533,318.1326,64.5807,ground
230,12.0,32.0,42.0,0.0,120.8741,318.1139,64.4424,ground
231,12.0,33.0,42.0,0.0,120.7018,318.0959,64.2731,ground
232,12.0,34.0,42.0,0.0,120.5691,318.082,64.1223,ground
233,12.0,35.0,42.0,0.0,120.6079,318.0861,64.1208,ground
234,12.0,36.0,42.0,0.0,120.8065,318.1068,64.2699,ground
235,12.0,37.0,42.0,0.0,121.0105,318.1282,64.4307,ground
236,12.0,38.0,42.0,0.0,121.1741,318.1453,64.5559,ground
237,12.0,39.0,42.0,0.0,121.339,318.1625,64.6941,ground
238,12.0,40.0,42.0,0.0,121.4635,318.1755,64.813,ground
239,12.0,41.0,42.0,0.0,121.5694,318.1866,64.9147,ground
240,12.0,42.0,42.0,0.0,121.6224,318.1921,64.9741,ground
1,12.0,27.0,27.0,0.0,121.5927,318.189,64.9811,ground
2,12.0,28.0,27.0,0.0,121.514,318.1808,64.9328,ground
3,12.0,29.0,27.0,0.0,121.3772,318.1665,64.8375,ground
4,12.0,30.0,27.0,0.0,121.2071,318.1487,64.7196,ground
5,12.0,31.0,27.0,0.0,121.0068,318.1278,64.5719,ground
6,12.0,32.0,27.0,0.0,120.8199,318.1082,64.4273,ground
7,12.0,33.0,27.0,0.0,120.6344,318.0888,64.2525,ground
8,12.0,34.0,27.0,0.0,120.4935,318.0741,64.0975,ground
9,12.0,35.0,27.0,0.0,120.5306,318.078,64.0952,ground
10,12.0,36.0,27.0,0.0,120.7345,318.0993,64.2471,ground
11,12.0,37.0,27.0,0.0,120.951,318.1219,64.4131,ground
12,12.0,38.0,27.0,0.0,121.1235,318.14,64.5448,ground
13,12.0,39.0,27.0,0.0,121.2968,318.1581,64.6877,ground
14,12.0,40.0,27.0,0.0,121.4306,318.1721,64.8097,ground
15,12.0,41.0,27.0,0.0,121.5427,318.1838,64.9134,ground
16,12.0,42.0,27.0,0.0,121.5998,318.1898,64.9735,ground
17,12.0,27.0,28.0,0.0,121.5251,318.182,64.9318,ground
18,12.0,28.0,28.0,0.0,121.4356,318.1726,64.8771,ground
19,12.0,29.0,28.0,0.0,121.2592,318.1542,64.7561,ground
20,12.0,30.0,28.0,0.0,121.0113,318.1282,64.5794,ground
21,12.0,31.0,28.0,0.0,120.7356,318.0994,64.3828,ground
22,12.0,32.0,28.0,0.0,120.4653,318.0711,64.1772,ground
23,12.0,33.0,28.0,0.0,120.1801,318.0413,63.9181,ground
24,12.0,34.0,28.0,0.0,119.9588,318.0181,63.6821,ground
25,12.0,35.0,28.0,0.0,120.011,318.0236,63.6759,ground
26,12.0,36.0,28.0,0.0,120.3183,318.0558,63.9043,ground
27,12.0,37.0,28.0,0.0,120.6331,318.0887,64.1497,ground
28,12.0,38.0,28.0,0.0,120.8763,318.1141,64.3406,ground
29,12.0,39.0,28.0,0.0,121.1034,318.1379,64.5356,ground
30,12.0,40.0,28.0,0.0,121.3117,318.1596,64.719,ground
31,12.0,41.0,28.0,0.0,121.461,318.1753,64.8522,ground
32,12.0,42.0,28.0,0.0,121.5312,318.1826,64.9221,ground
33,12.0,27.0,29.0,0.0,121.4264,318.1716,64.8426,ground
34,12.0,28.0,29.0,0.0,121.3057,318.159,64.7661,ground
35,12.0,29.0,29.0,0.0,121.0658,318.1339,64.6022,ground
36,12.0,30.0,29.0,0.0,120.6871,318.0943,64.3381,ground
37,12.0,31.0,29.0,0.0,120.2216,318.0456,64.0123,ground
38,12.0,32.0,29.0,0.0,119.7382,317.9951,63.6513,ground
39,12.0,33.0,29.0,0.0,119.1893,317.9376,63.168,ground
40,12.0,34.0,29.0,0.0,118.7727,317.894,62.7298,ground
41,12.0,35.0,29.0,0.0,118.8748,317.9047,62.7144,ground
42,12.0,36.0,29.0,0.0,119.4391,317.9638,63.1329,ground
43,12.0,37.0,29.0,0.0,120.0046,318.0229,63.5943,ground
44,12.0,38.0,29.0,0.0,120.4109,318.0654,63.9364,ground
45,12.0,39.0,29.0,0.0,120.7912,318.1052,64.2658,ground
46,12.0,40.0,29.0,0.0,121.1147,318.1391,64.5441,ground
47,12.0,41.0,29.0,0.0,121.3244,318.161,64.7292,ground
48,12.0,42.0,29.0,0.0,121.4294,318.172,64.8292,ground
49,12.0,27.0,30.0,0.0,121.3228,318.1608,64.7392,ground
50,12.0,28.0,30.0,0.0,121.1483,318.1426,64.614,ground
51,12.0,29.0,30.0,0.0,120.8022,318.1064,64.3722,ground
52,12.0,30.0,30.0,0.0,120.2279,318.0463,63.9737,ground
53,12.0,31.0,30.0,0.0,119.4206,317.9618,63.4274,ground
54,12.0,32.0,30.0,0.0,118.486,317.864,62.7745,ground
55,12.0,33.0,30.0,0.0,117.3208,317.742,61.7865,ground
56,12.0,34.0,30.0,0.0,116.5288,317.6591,60.9152,ground
57,12.0,35.0,30.0,0.0,116.7528,317.6825,60.8774,ground
58,12.0,36.0,30.0,0.0,117.8409,317.7965,61.6991,ground
59,12.0,37.0,30.0,0.0,118.9554,317.9132,62.6545,ground
60,12.0,38.0,30.0,0.0,119.6701,317.9879,63.2856,ground
61,12.0,39.0,30.0,0.0,120.3191,318.0558,63.8492,ground
62,12.0,40.0,30.0,0.0,120.8251,318.1088,64.2797,ground
63,12.0,41.0,30.0,0.0,121.1461,318.1423,64.5583,ground
64,12.0,42.0,30.0,0.0,121.3203,318.1606,64.72,ground
65,12.0,27.0,31.0,0.0,121.063,318.1336,64.6154,ground
66,12.0,28.0,31.0,0.0,121.0101,318.1281,64.4578,ground
67,12.0,29.0,31.0,0.0,120.5442,318.0794,64.1124,ground
68,12.0,30.0,31.0,0.0,119.7148,317.9926,63.5244,ground
69,12.0,31.0,31.0,0.0,118.4084,317.8559,62.6759,ground
70,12.0,32.0,31.0,0.0,116.5704,317.6635,61.5277,ground
71,12.0,33.0,31.0,0.0,113.8758,317.3811,59.4311,ground
72,12.0,34.0,31.0,0.0,112.4365,317.2301,57.6393,ground
73,12.0,35.0,31.0,0.0,112.9666,317.2857,57.5409,ground
74,12.0,36.0,31.0,0.0,115.0909,317.5084,59.2103,ground
75,12.0,37.0,31.0,0.0,117.3701,317.7472,61.2718,ground
76,12.0,38.0,31.0,0.0,118.6334,317.8794,62.414,ground
77,12.0,39.0,31.0,0.0,119.3954,317.9592,63.3173,ground
78,12.0,40.0,31.0,0.0,120.1771,318.041,63.9713,ground
79,12.0,41.0,31.0,0.0,120.6496,318.0904,64.3783,ground
80,12.0,42.0,31.0,0.0,120.8875,318.1153,64.5894,ground
81,12.0,27.0,32.0,0.0,119.0456,317.9226,64.5023,ground
82,12.0,28.0,32.0,0.0,117.3612,317.7463,64.3082,ground
83,12.0,29.0,32.0,0.0,116.8076,317.6883,63.8532,ground
84,12.0,30.0,32.0,0.0,112.5028,317.2371,63.0584,ground
85,12.0,31.0,32.0,0.0,110.7869,317.0571,61.8552,ground
86,12.0,32.0,32.0,0.0,109.2028,316.8908,60.1901,ground
87,12.0,33.0,32.0,0.0,100.5388,315.9796,54.8394,ground
88,12.0,34.0,32.0,0.0,76.5054,313.4392,38.2733,ground
89,12.0,35.0,32.0,0.0,80.7194,313.886,38.1192,ground
90,12.0,36.0,32.0,0.0,85.1725,314.3574,40.3655,ground
91,12.0,37.0,32.0,0.0,90.8397,314.9566,45.8576,ground
92,12.0,38.0,32.0,0.0,93.2095,315.2068,47.6151,ground
93,12.0,39.0,32.0,0.0,118.3594,317.8508,62.7379,ground
94,12.0,40.0,32.0,0.0,119.5098,317.9712,63.6511,ground
95,12.0,41.0,32.0,0.0,120.1362,318.0367,64.1985,ground
96,12.0,42.0,32.0,0.0,120.4502,318.0696,64.467,ground
97,12.0,27.0,33.0,0.0,118.9436,317.9119,64.3476,ground
98,12.0,28.0,33.0,0.0,117.2277,317.7323,64.0953,ground
99,12.0,29.0,33.0,0.0,116.5411,317.6604,63.4624,ground
100,12.0,30.0,33.0,0.0,108.6013,316.8276,62.2634,ground
101,12.0,31.0,33.0,0.0,105.8195,316.5353,60.1985,ground
102,12.0,32.0,33.0,0.0,99.0701,315.8249,56.1394,ground
103,12.0,37.0,33.0,0.0,59.6699,311.6506,27.2438,ground
104,12.0,38.0,33.0,0.0,67.0733,312.4379,31.8749,ground
105,12.0,39.0,33.0,0.0,117.4427,317.7548,61.8019,ground
106,12.0,40.0,33.0,0.0,119.109,317.9292,63.193,ground
107,12.0,41.0,33.0,0.0,119.9347,318.0156,63.9536,ground
108,12.0,42.0,33.0,0.0,120.3348,318.0575,64.3027,ground
109,12.0,27.0,34.0,0.0,118.8358,317.9006,64.1976,ground
110,12.0,28.0,34.0,0.0,117.0738,317.7162,63.8778,ground
111,12.0,29.0,34.0,0.0,116.2766,317.6327,63.0716,ground
112,12.0,30.0,34.0,0.0,108.1294,316.778,61.4966,ground
113,12.0,31.0,34.0,0.0,105.0707,316.4565,58.631,ground
114,12.0,32.0,34.0,0.0,100.4571,315.971,53.7444,ground
115,12.0,37.0,34.0,0.0,60.2839,311.716,24.4701,ground
116,12.0,38.0,34.0,0.0,66.0012,312.3239,30.0784,ground
117,12.0,39.0,34.0,0.0,116.8293,317.6906,60.9269,ground
118,12.0,40.0,34.0,0.0,118.7808,317.8949,62.7505,ground
119,12.0,41.0,34.0,0.0,119.7537,317.9967,63.7141,ground
120,12.0,42.0,34.0,0.0,120.2165,318.0451,64.1467,ground
121,12.0,27.0,35.0,0.0,118.8674,317.9039,64.1909,ground
122,12.0,28.0,35.0,0.0,117.1258,317.7216,63.8688,ground
123,12.0,29.0,35.0,0.0,116.3857,317.6441,63.0549,ground
124,12.0,30.0,35.0,0.0,108.3795,316.8043,61.4612,ground
125,12.0,31.0,35.0,0.0,105.6868,316.5213,58.55,ground
126,12.0,32.0,35.0,0.0,101.4336,316.0738,53.6177,ground
127,12.0,37.0,35.0,0.0,61.1539,311.8086,24.3161,ground
128,12.0,38.0,35.0,0.0,66.5482,312.3821,29.9786,ground
129,12.0,39.0,35.0,0.0,117.3743,317.7476,60.8835,ground
130,12.0,40.0,35.0,0.0,118.8787,317.9051,62.7305,ground
131,12.0,41.0,35.0,0.0,119.8011,318.0017,63.7037,ground
132,12.0,42.0,35.0,0.0,120.2469,318.0483,64.1396,ground
133,12.0,27.0,36.0,0.0,120.9745,318.1244,64.3292,ground
134,12.0,28.0,36.0,0.0,119.1653,317.9351,64.0711,ground
135,12.0,29.0,36.0,0.0,118.6096,317.877,63.421,ground
136,12.0,30.0,36.0,0.0,114.2712,317.4225,62.181,ground
137,12.0,31.0,36.0,0.0,111.3197,317.113,60.0111,ground
138,12.0,32.0,36.0,0.0,103.3887,316.2796,55.5866,ground
139,12.0,37.0,36.0,0.0,63.4918,312.0572,26.5655,ground
140,12.0,38.0,36.0,0.0,92.3582,315.117,45.4238,ground
141,12.0,39.0,36.0,0.0,118.6753,317.8838,61.7011,ground
142,12.0,40.0,36.0,0.0,120.0152,318.024,63.1434,ground
143,12.0,41.0,36.0,0.0,120.7269,318.0985,63.9257,ground
144,12.0,42.0,36.0,0.0,121.0797,318.1354,64.2834,ground
145,12.0,27.0,37.0,0.0,121.2806,318.1564,64.48,ground
146,12.0,28.0,37.0,0.0,121.1055,318.1381,64.2812,ground
147,12.0,29.0,37.0,0.0,120.6911,318.0947,63.813,ground
148,12.0,30.0,37.0,0.0,119.9397,318.0161,62.9918,ground
149,12.0,31.0,37.0,0.0,118.6674,317.883,61.7514,ground
150,12.0,32.0,37.0,0.0,115.9972,317.6034,60.1484,ground
151,12.0,33.0,37.0,0.0,107.4425,316.7059,55.291,ground
152,12.0,34.0,37.0,0.0,108.5733,316.8246,52.9147,ground
153,12.0,35.0,37.0,0.0,109.5696,316.9293,52.8394,ground
154,12.0,36.0,37.0,0.0,111.8421,317.1678,54.9461,ground
155,12.0,37.0,37.0,0.0,116.7498,317.6822,59.6561,ground
156,12.0,38.0,37.0,0.0,118.3973,317.8547,61.2795,ground
157,12.0,39.0,37.0,0.0,119.6521,317.9861,62.6604,ground
158,12.0,40.0,37.0,0.0,120.4917,318.0739,63.6044,ground
159,12.0,41.0,37.0,0.0,120.9943,318.1265,64.1684,ground
160,12.0,42.0,37.0,0.0,121.2441,318.1526,64.4438,ground
161,12.0,27.0,38.0,0.0,121.3653,318.1653,64.599,ground
162,12.0,28.0,38.0,0.0,121.205,318.1485,64.4393,ground
163,12.0,29.0,38.0,0.0,120.8475,318.1111,64.0913,ground
164,12.0,30.0,38.0,0.0,120.2042,318.0438,63.5047,ground
165,12.0,31.0,38.0,0.0,119.1351,317.932,62.6837,ground
166,12.0,32.0,38.0,0.0,117.4048,317.7508,61.6536,ground
167,12.0,33.0,38.0,0.0,114.9573,317.4944,59.7533,ground
168,12.0,34.0,38.0,0.0,113.9528,317.3891,58.1189,ground
169,12.0,35.0,38.0,0.0,114.58,317.4549,58.0687,ground
170,12.0,36.0,38.0,0.0,116.3961,317.6452,59.6426,ground
171,12.0,37.0,38.0,0.0,118.3364,317.8484,61.4692,ground
172,12.0,38.0,38.0,0.0,119.3811,317.9577,62.4429,ground
173,12.0,39.0,38.0,0.0,120.1955,318.0429,63.3011,ground
174,12.0,40.0,38.0,0.0,120.7895,318.105,63.9496,ground
175,12.0,41.0,38.0,0.0,121.1576,318.1435,64.3591,ground
176,12.0,42.0,38.0,0.0,121.3489,318.1635,64.5727,ground
177,12.0,27.0,39.0,0.0,121.4582,318.175,64.7294,ground
178,12.0,28.0,39.0,0.0,121.3114,318.1596,64.6055,ground
179,12.0,29.0,39.0,0.0,121.0353,318.1308,64.3671,ground
180,12.0,30.0,39.0,0.0,120.5641,318.0815,63.982,ground
181,12.0,31.0,39.0,0.0,119.8683,318.0087,63.4706,ground
182,12.0,32.0,39.0,0.0,119.0083,317.9187,62.8902,ground
183,12.0,33.0,39.0,0.0,117.9887,317.812,61.9929,ground
184,12.0,34.0,39.0,0.0,117.3856,317.7488,61.1897,ground
185,12.0,35.0,39.0,0.0,117.648,317.7763,61.1713,ground
186,12.0,36.0,39.0,0.0,118.5974,317.8757,61.9502,ground
187,12.0,37.0,39.0,0.0,119.5526,317.9756,62.8101,ground
188,12.0,38.0,39.0,0.0,120.1507,318.0382,63.3499,ground
189,12.0,39.0,39.0,0.0,120.6634,318.0919,63.8657,ground
190,12.0,40.0,39.0,0.0,121.0581,318.1331,64.2775,ground
191,12.0,41.0,39.0,0.0,121.3079,318.1593,64.5507,ground
192,12.0,42.0,39.0,0.0,121.4549,318.1746,64.7104,ground
193,12.0,27.0,40.0,0.0,121.5266,318.1821,64.8389,ground
194,12.0,28.0,40.0,0.0,121.4256,318.1716,64.764,ground
195,12.0,29.0,40.0,0.0,121.2277,318.1509,64.6051,ground
196,12.0,30.0,40.0,0.0,120.9049,318.1171,64.3537,ground
197,12.0,31.0,40.0,0.0,120.4951,318.0742,64.0525,ground
198,12.0,32.0,40.0,0.0,120.0578,318.0285,63.7313,ground
199,12.0,33.0,40.0,0.0,119.5841,317.9789,63.2912,ground
200,12.0,34.0,40.0,0.0,119.2564,317.9447,62.8839,ground
201,12.0,35.0,40.0,0.0,119.3743,317.957,62.8766,ground
202,12.0,36.0,40.0,0.0,119.8721,318.0091,63.2756,ground
203,12.0,37.0,40.0,0.0,120.3627,318.0604,63.6948,ground
204,12.0,38.0,40.0,0.0,120.7077,318.0965,63.9904,ground
205,12.0,39.0,40.0,0.0,121.0193,318.1291,64.2885,ground
206,12.0,40.0,40.0,0.0,121.2804,318.1564,64.5504,ground
207,12.0,41.0,40.0,0.0,121.4455,318.1736,64.7284,ground
208,12.0,42.0,40.0,0.0,121.5301,318.1825,64.8259,ground
209,12.0,27.0,41.0,0.0,121.5886,318.1886,64.931,ground
210,12.0,28.0,41.0,0.0,121.5089,318.1803,64.8776,ground
211,12.0,29.0,41.0,0.0,121.3534,318.164,64.7605,ground
212,12.0,30.0,41.0,0.0,121.1312,318.1408,64.5921,ground
213,12.0,31.0,41.0,0.0,120.8798,318.1145,64.4088,ground
214,12.0,32.0,41.0,0.0,120.6366,318.089,64.2226,ground
215,12.0,33.0,41.0,0.0,120.3897,318.0632,63.9834,ground
216,12.0,34.0,41.0,0.0,120.2054,318.0439,63.7604,ground
217,12.0,35.0,41.0,0.0,120.2646,318.0501,63.7575,ground
218,12.0,36.0,41.0,0.0,120.5445,318.0794,63.9778,ground
219,12.0,37.0,41.0,0.0,120.8221,318.1085,64.2042,ground
220,12.0,38.0,41.0,0.0,121.0334,318.1306,64.3738,ground
221,12.0,39.0,41.0,0.0,121.2306,318.1512,64.5527,ground
222,12.0,40.0,41.0,0.0,121.4098,318.1699,64.7258,ground
223,12.0,41.0,41.0,0.0,121.5364,318.1831,64.8538,ground
224,12.0,42.0,41.0,0.0,121.5959,318.1894,64.9216,ground
225,12.0,27.0,42.0,0.0,121.6149,318.1914,64.9816,ground
226,12.0,28.0,42.0,0.0,121.5402,318.1835,64.9337,ground
227,12.0,29.0,42.0,0.0,121.409,318.1698,64.8398,ground
228,12.0,30.0,42.0,0.0,121.2471,318.1529,64.7244,ground
229,12.0,31.0,42.0,0.0,121.0534,318.1326,64.5806,ground
230,12.0,32.0,42.0,0.0,120.8745,318.1139,64.4423,ground
231,12.0,33.0,42.0,0.0,120.7022,318.0959,64.273,ground
232,12.0,34.0,42.0,0.0,120.5694,318.082,64.1222,ground
233,12.0,35.0,42.0,0.0,120.608,318.0861,64.1207,ground
234,12.0,36.0,42.0,0.0,120.8065,318.1068,64.2698,ground
235,12.0,37.0,42.0,0.0,121.0104,318.1281,64.4306,ground
236,12.0,38.0,42.0,0.0,121.1742,318.1453,64.5559,ground
237,12.0,39.0,42.0,0.0,121.3391,318.1625,64.694,ground
238,12.0,40.0,42.0,0.0,121.4637,318.1755,64.8129,ground
239,12.0,41.0,42.0,0.0,121.5694,318.1866,64.9147,ground
240,12.0,42.0,42.0,0.0,121.6224,318.1921,64.9741,ground
1,12.0,27.0,27.0,0.0,121.5927,318.189,64.981,ground
2,12.0,28.0,27.0,0.0,121.5141,318.1808,64.9328,ground
3,12.0,29.0,27.0,0.0,121.3773,318.1665,64.8374,ground
4,12.0,30.0,27.0,0.0,121.2072,318.1487,64.7195,ground
5,12.0,31.0,27.0,0.0,121.0068,318.1278,64.5719,ground
6,12.0,32.0,27.0,0.0,120.8199,318.1082,64.4272,ground
7,12.0,33.0,27.0,0.0,120.6345,318.0888,64.2525,ground
8,12.0,34.0,27.0,0.0,120.4936,318.0741,64.0974,ground
9,12.0,35.0,27.0,0.0,120.5307,318.078,64.0951,ground
10,12.0,36.0,27.0,0.0,120.7346,318.0993,64.247,ground
11,12.0,37.0,27.0,0.0,120.951,318.1219,64.413,ground
12,12.0,38.0,27.0,0.0,121.1236,318.14,64.5448,ground
13,12.0,39.0,27.0,0.0,121.2968,318.1581,64.6877,ground
14,12.0,40.0,27.0,0.0,121.4307,318.1721,64.8096,ground
15,12.0,41.0,27.0,0.0,121.5427,318.1838,64.9134,ground
16,12.0,42.0,27.0,0.0,121.5999,318.1898,64.9735,ground
17,12.0,27.0,28.0,0.0,121.5252,318.182,64.9317,ground
18,12.0,28.0,28.0,0.0,121.4357,318.1726,64.877,ground
19,12.0,29.0,28.0,0.0,121.2593,318.1542,64.7561,ground
20,12.0,30.0,28.0,0.0,121.0114,318.1283,64.5793,ground
21,12.0,31.0,28.0,0.0,120.7357,318.0994,64.3828,ground
22,12.0,32.0,28.0,0.0,120.4653,318.0711,64.1771,ground
23,12.0,33.0,28.0,0.0,120.1801,318.0413,63.918,ground
24,12.0,34.0,28.0,0.0,119.9588,318.0181,63.682,ground
25,12.0,35.0,28.0,0.0,120.0111,318.0236,63.6758,ground
26,12.0,36.0,28.0,0.0,120.3184,318.0558,63.9042,ground
27,12.0,37.0,28.0,0.0,120.6331,318.0887,64.1496,ground
28,12.0,38.0,28.0,0.0,120.8763,318.1141,64.3405,ground
29,12.0,39.0,28.0,0.0,121.1034,318.1379,64.5355,ground
30,12.0,40.0,28.0,0.0,121.3117,318.1596,64.7189,ground
31,12.0,41.0,28.0,0.0,121.4611,318.1753,64.8522,ground
32,12.0,42.0,28.0,0.0,121.5313,318.1826,64.9221,ground
33,12.0,27.0,29.0,0.0,121.4265,318.1717,64.8425,ground
34,12.0,28.0,29.0,0.0,121.3059,318.159,64.7661,ground
35,12.0,29.0,29.0,0.0,121.066,318.134,64.6021,ground
36,12.0,30.0,29.0,0.0,120.6873,318.0944,64.338,ground
37,12.0,31.0,29.0,0.0,120.2217,318.0457,64.0122,ground
38,12.0,32.0,29.0,0.0,119.7383,317.9951,63.6511,ground
39,12.0,33.0,29.0,0.0,119.1893,317.9376,63.1679,ground
40,12.0,34.0,29.0,0.0,118.7727,317.894,62.7296,ground
41,12.0,35.0,29.0,0.0,118.8749,317.9047,62.7143,ground
42,12.0,36.0,29.0,0.0,119.4392,317.9638,63.1328,ground
43,12.0,37.0,29.0,0.0,120.0047,318.023,63.5942,ground
44,12.0,38.0,29.0,0.0,120.411,318.0654,63.9363,ground
45,12.0,39.0,29.0,0.0,120.7912,318.1052,64.2657,ground
46,12.0,40.0,29.0,0.0,121.1147,318.1391,64.5441,ground
47,12.0,41.0,29.0,0.0,121.3244,318.161,64.7291,ground
48,12.0,42.0,29.0,0.0,121.4295,318.172,64.8291,ground
49,12.0,27.0,30.0,0.0,121.323,318.1608,64.7391,ground
50,12.0,28.0,30.0,0.0,121.1485,318.1426,64.614,ground
51,12.0,29.0,30.0,0.0,120.8024,318.1064,64.3721,ground
52,12.0,30.0,30.0,0.0,120.2282,318.0463,63.9735,ground
53,12.0,31.0,30.0,0.0,119.4208,317.9619,63.4272,ground
54,12.0,32.0,30.0,0.0,118.4861,317.864,62.7743,ground
55,12.0,33.0,30.0,0.0,117.3209,317.742,61.7862,ground
56,12.0,34.0,30.0,0.0,116.529,317.6591,60.9148,ground
57,12.0,35.0,30.0,0.0,116.7529,317.6826,60.877,ground
58,12.0,36.0,30.0,0.0,117.8411,317.7965,61.6988,ground
59,12.0,37.0,30.0,0.0,118.9554,317.9132,62.6544,ground
60,12.0,38.0,30.0,0.0,119.67,317.9879,63.2855,ground
61,12.0,39.0,30.0,0.0,120.319,318.0558,63.8491,ground
62,12.0,40.0,30.0,0.0,120.825,318.1088,64.2796,ground
63,12.0,41.0,30.0,0.0,121.1461,318.1423,64.5582,ground
64,12.0,42.0,30.0,0.0,121.3203,318.1606,64.72,ground
65,12.0,27.0,31.0,0.0,121.0632,318.1337,64.6153,ground
66,12.0,28.0,31.0,0.0,121.0104,318.1281,64.4577,ground
67,12.0,29.0,31.0,0.0,120.5446,318.0794,64.1122,ground
68,12.0,30.0,31.0,0.0,119.7153,317.9927,63.5242,ground
69,12.0,31.0,31.0,0.0,118.4089,317.856,62.6756,ground
70,12.0,32.0,31.0,0.0,116.5708,317.6635,61.5272,ground
71,12.0,33.0,31.0,0.0,113.876,317.3811,59.4303,ground
72,12.0,34.0,31.0,0.0,112.4367,317.2302,57.6383,ground
73,12.0,35.0,31.0,0.0,112.967,317.2858,57.54,ground
74,12.0,36.0,31.0,0.0,115.0913,317.5085,59.2097,ground
75,12.0,37.0,31.0,0.0,117.3702,317.7472,61.2714,ground
76,12.0,38.0,31.0,0.0,118.6332,317.8794,62.4138,ground
77,12.0,39.0,31.0,0.0,119.3952,317.9592,63.3172,ground
78,12.0,40.0,31.0,0.0,120.1769,318.041,63.9712,ground
79,12.0,41.0,31.0,0.0,120.6495,318.0904,64.3782,ground
80,12.0,42.0,31.0,0.0,120.8875,318.1153,64.5893,ground
81,12.0,27.0,32.0,0.0,119.0458,317.9226,64.5022,ground
82,12.0,28.0,32.0,0.0,117.3615,317.7463,64.3081,ground
83,12.0,29.0,32.0,0.0,116.8082,317.6884,63.853,ground
84,12.0,30.0,32.0,0.0,112.5037,317.2372,63.0581,ground
85,12.0,31.0,32.0,0.0,110.7881,317.0572,61.8547,ground
86,12.0,32.0,32.0,0.0,109.204,316.8909,60.1891,ground
87,12.0,33.0,32.0,0.0,100.5396,315.9797,54.8365,ground
88,12.0,34.0,32.0,0.0,76.5058,313.4393,38.2705,ground
89,12.0,35.0,32.0,0.0,80.7205,313.8861,38.1168,ground
90,12.0,36.0,32.0,0.0,85.1745,314.3576,40.3639,ground
91,12.0,37.0,32.0,0.0,90.8396,314.9566,45.8569,ground
92,12.0,38.0,32.0,0.0,93.2089,315.2068,47.6147,ground
93,12.0,39.0,32.0,0.0,118.3589,317.8507,62.7377,ground
94,12.0,40.0,32.0,0.0,119.5095,317.9711,63.6509,ground
95,12.0,41.0,32.0,0.0,120.136,318.0367,64.1984,ground
96,12.0,42.0,32.0,0.0,120.4502,318.0696,64.467,ground
97,12.0,27.0,33.0,0.0,118.9439,317.9119,64.3475,ground
98,12.0,28.0,33.0,0.0,117.2282,317.7323,64.0952,ground
99,12.0,29.0,33.0,0.0,116.5419,317.6605,63.4622,ground
100,12.0,30.0,33.0,0.0,108.6027,316.8277,62.263,ground
101,12.0,31.0,33.0,0.0,105.8219,316.5355,60.1975,ground
102,12.0,32.0,33.0,0.0,99.0748,315.8254,56.1354,ground
103,12.0,37.0,33.0,0.0,59.6684,311.6503,27.2409,ground
104,12.0,38.0,33.0,0.0,67.0721,312.4377,31.8741,ground
105,12.0,39.0,33.0,0.0,117.4419,317.7547,61.8016,ground
106,12.0,40.0,33.0,0.0,119.1085,317.9292,63.1929,ground
107,12.0,41.0,33.0,0.0,119.9345,318.0156,63.9535,ground
108,12.0,42.0,33.0,0.0,120.3348,318.0575,64.3026,ground
109,12.0,27.0,34.0,0.0,118.836,317.9007,64.1975,ground
110,12.0,28.0,34.0,0.0,117.0744,317.7162,63.8777,ground
111,12.0,29.0,34.0,0.0,116.2777,317.6328,63.0714,ground
112,12.0,30.0,34.0,0.0,108.1313,316.7782,61.4961,ground
113,12.0,31.0,34.0,0.0,105.0742,316.4569,58.6296,ground
114,12.0,32.0,34.0,0.0,100.4639,315.9717,53.7403,ground
115,12.0,37.0,34.0,0.0,60.2814,311.7156,24.4673,ground
116,12.0,38.0,34.0,0.0,65.9993,312.3237,30.0774,ground
117,12.0,39.0,34.0,0.0,116.8281,317.6904,60.9265,ground
118,12.0,40.0,34.0,0.0,118.7801,317.8948,62.7503,ground
119,12.0,41.0,34.0,0.0,119.7534,317.9967,63.714,ground
120,12.0,42.0,34.0,0.0,120.2165,318.0451,64.1466,ground
121,12.0,27.0,35.0,0.0,118.8676,317.904,64.1908,ground
122,12.0,28.0,35.0,0.0,117.1264,317.7217,63.8687,ground
123,12.0,29.0,35.0,0.0,116.3869,317.6442,63.0547,ground
124,12.0,30.0,35.0,0.0,108.3815,316.8045,61.4607,ground
125,12.0,31.0,35.0,0.0,105.6907,316.5217,58.5487,ground
126,12.0,32.0,35.0,0.0,101.4413,316.0746,53.6141,ground
127,12.0,37.0,35.0,0.0,61.1505,311.808,24.3137,ground
128,12.0,38.0,35.0,0.0,66.546,312.3818,29.9776,ground
129,12.0,39.0,35.0,0.0,117.373,317.7475,60.8831,ground
130,12.0,40.0,35.0,0.0,118.878,317.9051,62.7303,ground
131,12.0,41.0,35.0,0.0,119.8008,318.0016,63.7036,ground
132,12.0,42.0,35.0,0.0,120.2469,318.0483,64.1395,ground
133,12.0,27.0,36.0,0.0,120.9748,318.1244,64.3291,ground
134,12.0,28.0,36.0,0.0,119.1659,317.9352,64.071,ground
135,12.0,29.0,36.0,0.0,118.6106,317.8771,63.4208,ground
136,12.0,30.0,36.0,0.0,114.273,317.4227,62.1807,ground
137,12.0,31.0,36.0,0.0,111.3228,317.1133,60.0104,ground
138,12.0,32.0,36.0,0.0,103.395,316.2803,55.5843,ground
139,12.0,37.0,36.0,0.0,63.4886,312.0567,26.5638,ground
140,12.0,38.0,36.0,0.0,92.3562,315.1167,45.4232,ground
141,12.0,39.0,36.0,0.0,118.6742,317.8837,61.7008,ground
142,12.0,40.0,36.0,0.0,120.0146,318.024,63.1432,ground
143,12.0,41.0,36.0,0.0,120.7266,318.0985,63.9256,ground
144,12.0,42.0,36.0,0.0,121.0797,318.1354,64.2833,ground
145,12.0,27.0,37.0,0.0,121.2809,318.1564,64.4799,ground
146,12.0,28.0,37.0,0.0,121.106,318.1381,64.2811,ground
147,12.0,29.0,37.0,0.0,120.6919,318.0948,63.8129,ground
148,12.0,30.0,37.0,0.0,119.9409,318.0163,62.9916,ground
149,12.0,31.0,37.0,0.0,118.6692,317.8832,61.751,ground
150,12.0,32.0,37.0,0.0,115.9991,317.6036,60.1475,ground
151,12.0,33.0,37.0,0.0,107.4438,316.706,55.2876,ground
152,12.0,34.0,37.0,0.0,108.5748,316.8248,52.9113,ground
153,12.0,35.0,37.0,0.0,109.571,316.9294,52.8363,ground
154,12.0,36.0,37.0,0.0,111.843,317.1679,54.944,ground
155,12.0,37.0,37.0,0.0,116.7489,317.6821,59.6555,ground
156,12.0,38.0,37.0,0.0,118.3961,317.8546,61.2792,ground
157,12.0,39.0,37.0,0.0,119.6513,317.986,62.6602,ground
158,12.0,40.0,37.0,0.0,120.4913,318.0738,63.6043,ground
159,12.0,41.0,37.0,0.0,120.9941,318.1264,64.1683,ground
160,12.0,42.0,37.0,0.0,121.2441,318.1526,64.4438,ground
161,12.0,27.0,38.0,0.0,121.3654,318.1653,64.599,ground
162,12.0,28.0,38.0,0.0,121.2053,318.1485,64.4393,ground
163,12.0,29.0,38.0,0.0,120.8481,318.1112,64.0912,ground
164,12.0,30.0,38.0,0.0,120.2049,318.0439,63.5045,ground
165,12.0,31.0,38.0,0.0,119.1359,317.9321,62.6834,ground
166,12.0,32.0,38.0,0.0,117.4054,317.7509,61.6531,ground
167,12.0,33.0,38.0,0.0,114.9578,317.4945,59.7524,ground
168,12.0,34.0,38.0,0.0,113.9534,317.3892,58.1177,ground
169,12.0,35.0,38.0,0.0,114.5806,317.455,58.0677,ground
170,12.0,36.0,38.0,0.0,116.3965,317.6452,59.642,ground
171,12.0,37.0,38.0,0.0,118.3363,317.8484,61.4688,ground
172,12.0,38.0,38.0,0.0,119.3807,317.9577,62.4427,ground
173,12.0,39.0,38.0,0.0,120.1951,318.0429,63.3009,ground
174,12.0,40.0,38.0,0.0,120.7893,318.105,63.9495,ground
175,12.0,41.0,38.0,0.0,121.1575,318.1435,64.359,ground
176,12.0,42.0,38.0,0.0,121.3489,318.1635,64.5727,ground
177,12.0,27.0,39.0,0.0,121.4584,318.175,64.7293,ground
178,12.0,28.0,39.0,0.0,121.3116,318.1596,64.6054,ground
179,12.0,29.0,39.0,0.0,121.0357,318.1308,64.367,ground
180,12.0,30.0,39.0,0.0,120.5645,318.0815,63.9818,ground
181,12.0,31.0,39.0,0.0,119.8688,318.0087,63.4704,ground
182,12.0,32.0,39.0,0.0,119.0086,317.9187,62.8899,ground
183,12.0,33.0,39.0,0.0,117.9889,317.812,61.9925,ground
184,12.0,34.0,39.0,0.0,117.3859,317.7489,61.1892,ground
185,12.0,35.0,39.0,0.0,117.6483,317.7763,61.1708,ground
186,12.0,36.0,39.0,0.0,118.5976,317.8757,61.9499,ground
187,12.0,37.0,39.0,0.0,119.5527,317.9757,62.8099,ground
188,12.0,38.0,39.0,0.0,120.1506,318.0382,63.3498,ground
189,12.0,39.0,39.0,0.0,120.6632,318.0918,63.8656,ground
190,12.0,40.0,39.0,0.0,121.058,318.1331,64.2774,ground
191,12.0,41.0,39.0,0.0,121.3079,318.1593,64.5507,ground
192,12.0,42.0,39.0,0.0,121.4549,318.1746,64.7103,ground
193,12.0,27.0,40.0,0.0,121.5268,318.1821,64.8389,ground
194,12.0,28.0,40.0,0.0,121.4257,318.1716,64.7639,ground
195,12.0,29.0,40.0,0.0,121.228,318.1509,64.605,ground
196,12.0,30.0,40.0,0.0,120.9051,318.1171,64.3536,ground
197,12.0,31.0,40.0,0.0,120.4953,318.0743,64.0524,ground
198,12.0,32.0,40.0,0.0,120.0579,318.0285,63.7312,ground
199,12.0,33.0,40.0,0.0,119.5842,317.979,63.291,ground
200,12.0,34.0,40.0,0.0,119.2565,317.9447,62.8837,ground
201,12.0,35.0,40.0,0.0,119.3745,317.957,62.8764,ground
202,12.0,36.0,40.0,0.0,119.8723,318.0091,63.2754,ground
203,12.0,37.0,40.0,0.0,120.3628,318.0604,63.6947,ground
204,12.0,38.0,40.0,0.0,120.7077,318.0965,63.9903,ground
205,12.0,39.0,40.0,0.0,121.0192,318.1291,64.2885,ground
206,12.0,40.0,40.0,0.0,121.2803,318.1564,64.5503,ground
207,12.0,41.0,40.0,0.0,121.4454,318.1736,64.7284,ground
208,12.0,42.0,40.0,0.0,121.5301,318.1825,64.8258,ground
209,12.0,27.0,41.0,0.0,121.5887,318.1886,64.9309,ground
210,12.0,28.0,41.0,0.0,121.5091,318.1803,64.8776,ground
211,12.0,29.0,41.0,0.0,121.3535,318.164,64.7605,ground
212,12.0,30.0,41.0,0.0,121.1314,318.1408,64.5921,ground
213,12.0,31.0,41.0,0.0,120.8799,318.1145,64.4087,ground
214,12.0,32.0,41.0,0.0,120.6366,318.0891,64.2225,ground
215,12.0,33.0,41.0,0.0,120.3898,318.0632,63.9833,ground
216,12.0,34.0,41.0,0.0,120.2055,318.044,63.7603,ground
217,12.0,35.0,41.0,0.0,120.2647,318.0501,63.7574,ground
218,12.0,36.0,41.0,0.0,120.5447,318.0794,63.9777,ground
219,12.0,37.0,41.0,0.0,120.8222,318.1085,64.2042,ground
220,12.0,38.0,41.0,0.0,121.0335,318.1306,64.3737,ground
221,12.0,39.0,41.0,0.0,121.2306,318.1512,64.5526,ground
222,12.0,40.0,41.0,0.0,121.4098,318.1699,64.7257,ground
223,12.0,41.0,41.0,0.0,121.5364,318.1831,64.8538,ground
224,12.0,42.0,41.0,0.0,121.596,318.1894,64.9216,ground
225,12.0,27.0,42.0,0.0,121.615,318.1914,64.9815,ground
226,12.0,28.0,42.0,0.0,121.5403,318.1836,64.9336,ground
227,12.0,29.0,42.0,0.0,121.4091,318.1698,64.8398,ground
228,12.0,30.0,42.0,0.0,121.2472,318.1529,64.7243,ground
229,12.0,31.0,42.0,0.0,121.0534,318.1326,64.5806,ground
230,12.0,32.0,42.0,0.0,120.8745,318.1139,64.4422,ground
231,12.0,33.0,42.0,0.0,120.7023,318.0959,64.2729,ground
232,12.0,34.0,42.0,0.0,120.5694,318.082,64.1221,ground
233,12.0,35.0,42.0,0.0,120.6081,318.0861,64.1206,ground
234,12.0,36.0,42.0,0.0,120.8066,318.1068,64.2697,ground
235,12.0,37.0,42.0,0.0,121.0105,318.1282,64.4306,ground
236,12.0,38.0,42.0,0.0,121.1742,318.1453,64.5558,ground
237,12.0,39.0,42.0,0.0,121.3392,318.1625,64.694,ground
238,12.0,40.0,42.0,0.0,121.4637,318.1755,64.8129,ground
239,12.0,41.0,42.0,0.0,121.5695,318.1866,64.9147,ground
240,12.0,42.0,42.0,0.0,121.6224,318.1921,64.974,ground
257,12.0,33.0,37.0,1.0,43.6482,311.5693,71.7815,wall
261,12.0,33.0,37.0,2.0,45.0551,311.7652,74.6792,wall
265,12.0,33.0,37.0,3.0,46.0736,311.9064,77.3418,wall
269,12.0,33.0,37.0,4.0,47.0886,312.0253,79.9726,wall
257,12.0,33.0,37.0,1.0,43.704,311.5757,71.7649,wall
261,12.0,33.0,37.0,2.0,45.1071,311.7709,74.6699,wall
265,12.0,33.0,37.0,3.0,46.1224,311.9115,77.335,wall
269,12.0,33.0,37.0,4.0,47.1355,312.03,79.9671,wall
257,12.0,33.0,37.0,1.0,43.7153,311.5772,71.7482,wall
261,12.0,33.0,37.0,2.0,45.115,311.772,74.6605,wall
265,12.0,33.0,37.0,3.0,46.1279,311.9122,77.3282,wall
269,12.0,33.0,37.0,4.0,47.1397,312.0305,79.9616,wall
257,12.0,33.0,37.0,1.0,43.7191,311.5777,71.7315,wall
261,12.0,33.0,37.0,2.0,45.1172,311.7722,74.6512,wall
265,12.0,33.0,37.0,3.0,46.1294,311.9124,77.3214,wall
269,12.0,33.0,37.0,4.0,47.1409,312.0307,79.956,wall
289,12.0,33.0,32.0,1.0,35.68,310.1906,61.6545,wall
293,12.0,33.0,32.0,2.0,38.5412,310.5721,64.663,wall
297,12.0,33.0,32.0,3.0,40.0041,310.7663,67.4006,wall
301,12.0,33.0,32.0,4.0,41.2339,310.9025,70.0604,wall
289,12.0,33.0,32.0,1.0,36.5567,310.308,61.6374,wall
293,12.0,33.0,32.0,2.0,38.7848,310.6046,64.6534,wall
297,12.0,33.0,32.0,3.0,40.1169,310.7812,67.3936,wall
301,12.0,33.0,32.0,4.0,41.3102,310.9125,70.0547,wall
289,12.0,33.0,32.0,1.0,36.5714,310.3091,61.6203,wall
293,12.0,33.0,32.0,2.0,38.7918,310.6052,64.6437,wall
297,12.0,33.0,32.0,3.0,40.1214,310.7817,67.3865,wall
301,12.0,33.0,32.0,4.0,41.3136,310.9128,70.049,wall
289,12.0,33.0,32.0,1.0,36.5765,310.3097,61.6031,wall
293,12.0,33.0,32.0,2.0,38.7944,310.6056,64.6341,wall
297,12.0,33.0,32.0,3.0,40.1231,310.7819,67.3795,wall
301,12.0,33.0,32.0,4.0,41.315,310.913,70.0433,wall
273,12.0,37.0,33.0,1.0,47.9944,311.7876,59.3582,wall
277,12.0,37.0,33.0,2.0,50.2803,312.0893,63.8391,wall
281,12.0,37.0,33.0,3.0,51.6839,312.2732,67.1798,wall
285,12.0,37.0,33.0,4.0,52.9439,312.4053,70.094,wall
273,12.0,37.0,33.0,1.0,45.7145,311.5222,59.3435,wall
277,12.0,37.0,33.0,2.0,49.3201,312.0017,63.8302,wall
281,12.0,37.0,33.0,3.0,51.289,312.2621,67.173,wall
285,12.0,37.0,33.0,4.0,52.7942,312.4269,70.0883,wall
273,12.0,37.0,33.0,1.0,45.6335,311.5147,59.3289,wall
277,12.0,37.0,33.0,2.0,49.2842,311.9981,63.8213,wall
281,12.0,37.0,33.0,3.0,51.2742,312.2603,67.1663,wall
285,12.0,37.0,33.0,4.0,52.7899,312.426,70.0826,wall
273,12.0,37.0,33.0,1.0,45.633,311.5147,59.3142,wall
277,12.0,37.0,33.0,2.0,49.2853,311.9983,63.8124,wall
281,12.0,37.0,33.0,3.0,51.2758,312.2605,67.1595,wall
285,12.0,37.0,33.0,4.0,52.7916,312.4263,70.077,wall
305,12.0,32.0,33.0,1.0,52.6908,312.8752,99.0403,wall
309,12.0,32.0,33.0,2.0,56.0671,313.344,101.8858,wall
313,12.0,32.0,33.0,3.0,58.041,313.6168,104.526,wall
317,12.0,32.0,33.0,4.0,59.6113,313.8059,107.1445,wall
305,12.0,32.0,33.0,1.0,55.0149,313.1483,99.0235,wall
309,12.0,32.0,33.0,2.0,57.1612,313.4398,101.8764,wall
313,12.0,32.0,33.0,3.0,58.605,313.6358,104.5192,wall
317,12.0,32.0,33.0,4.0,59.9443,313.7916,107.139,wall
305,12.0,32.0,33.0,1.0,55.1277,313.1579,99.0067,wall
309,12.0,32.0,33.0,2.0,57.2104,313.4445,101.867,wall
313,12.0,32.0,33.0,3.0,58.6262,313.6383,104.5124,wall
317,12.0,32.0,33.0,4.0,59.9521,313.793,107.1335,wall
305,12.0,32.0,33.0,1.0,55.1354,313.1588,98.9899,wall
309,12.0,32.0,33.0,2.0,57.2136,313.4448,101.8575,wall
313,12.0,32.0,33.0,3.0,58.6278,313.6385,104.5056,wall
317,12.0,32.0,33.0,4.0,59.9531,313.7931,107.128,wall
258,12.0,34.0,37.0,1.0,131.8722,326.9839,56.7472,window
259,12.0,35.0,37.0,1.0,131.9931,327.0019,56.7455,window
260,12.0,36.0,37.0,1.0,132.6661,327.1007,56.8888,window
262,12.0,34.0,37.0,2.0,137.0772,327.7443,58.3631,window
263,12.0,35.0,37.0,2.0,137.1263,327.7517,58.3631,window
264,12.0,36.0,37.0,2.0,137.4352,327.7969,58.4321,window
266,12.0,34.0,37.0,3.0,141.4003,328.3716,59.8255,window
267,12.0,35.0,37.0,3.0,141.4264,328.3754,59.825,window
268,12.0,36.0,37.0,3.0,141.5277,328.3904,59.8452,window
270,12.0,34.0,37.0,4.0,145.5081,328.9191,61.2105,window
271,12.0,35.0,37.0,4.0,145.5248,328.9217,61.2111,window
272,12.0,36.0,37.0,4.0,145.6296,328.937,61.2398,window
258,12.0,34.0,37.0,1.0,132.1031,326.9844,56.7387,window
259,12.0,35.0,37.0,1.0,132.2336,327.0036,56.7377,window
260,12.0,36.0,37.0,1.0,132.9043,327.1015,56.8821,window
262,12.0,34.0,37.0,2.0,137.3043,327.7423,58.358,window
263,12.0,35.0,37.0,2.0,137.3567,327.7499,58.3582,window
264,12.0,36.0,37.0,2.0,137.6657,327.7948,58.4278,window
266,12.0,34.0,37.0,3.0,141.6292,328.3683,59.8219,window
267,12.0,35.0,37.0,3.0,141.6513,328.3714,59.8214,window
268,12.0,36.0,37.0,3.0,141.7571,328.3867,59.8418,window
270,12.0,34.0,37.0,4.0,145.7383,328.9137,61.2075,window
271,12.0,35.0,37.0,4.0,145.7559,328.9163,61.2082,window
272,12.0,36.0,37.0,4.0,145.8621,328.9315,61.2369,window
258,12.0,34.0,37.0,1.0,132.117,326.9866,56.7302,window
259,12.0,35.0,37.0,1.0,132.2485,327.0058,56.7299,window
260,12.0,36.0,37.0,1.0,132.9115,327.1026,56.8755,window
262,12.0,34.0,37.0,2.0,137.3113,327.7437,58.3529,window
263,12.0,35.0,37.0,2.0,137.3622,327.751,58.3534,window
264,12.0,36.0,37.0,2.0,137.6667,327.7952,58.4234,window
266,12.0,34.0,37.0,3.0,141.6331,328.3693,59.8182,window
267,12.0,35.0,37.0,3.0,141.653,328.3722,59.8178,window
268,12.0,36.0,37.0,3.0,141.7569,328.3871,59.8383,window
270,12.0,34.0,37.0,4.0,145.7398,328.9146,61.2045,window
271,12.0,35.0,37.0,4.0,145.7561,328.917,61.2052,window
272,12.0,36.0,37.0,4.0,145.861,328.932,61.2341,window
258,12.0,34.0,37.0,1.0,132.1208,326.9869,56.7216,window
259,12.0,35.0,37.0,1.0,132.2521,327.0061,56.7221,window
260,12.0,36.0,37.0,1.0,132.9141,327.1028,56.8688,window
262,12.0,34.0,37.0,2.0,137.3137,327.7439,58.3478,window
263,12.0,35.0,37.0,2.0,137.3643,327.7512,58.3485,window
264,12.0,36.0,37.0,2.0,137.6683,327.7954,58.419,window
266,12.0,34.0,37.0,3.0,141.6349,328.3695,59.8145,window
267,12.0,35.0,37.0,3.0,141.6546,328.3723,59.8142,window
268,12.0,36.0,37.0,3.0,141.7582,328.3873,59.8349,window
270,12.0,34.0,37.0,4.0,145.7412,328.9147,61.2015,window
271,12.0,35.0,37.0,4.0,145.7575,328.9171,61.2023,window
272,12.0,36.0,37.0,4.0,145.8622,328.9321,61.2312,window
290,12.0,34.0,32.0,1.0,126.9206,325.5473,32.0746,window
291,12.0,35.0,32.0,1.0,127.3768,325.6049,31.9808,window
292,12.0,36.0,32.0,1.0,129.5885,325.9015,32.125,window
294,12.0,34.0,32.0,2.0,135.5211,326.7741,34.1288,window
295,12.0,35.0,32.0,2.0,135.6279,326.7858,34.0882,window
296,12.0,36.0,32.0,2.0,136.1928,326.8626,34.1507,window
298,12.0,34.0,32.0,3.0,140.7154,327.5081,35.687,window
299,12.0,35.0,32.0,3.0,140.7579,327.513,35.6737,window
300,12.0,36.0,32.0,3.0,140.92,327.5352,35.6892,window
302,12.0,34.0,32.0,4.0,145.2484,328.0774,37.1004,window
303,12.0,35.0,32.0,4.0,145.272,328.0805,37.0966,window
304,12.0,36.0,32.0,4.0,145.3951,328.0976,37.1223,window
290,12.0,34.0,32.0,1.0,127.2632,325.5952,32.0661,window
291,12.0,35.0,32.0,1.0,127.26,325.5885,31.9732,window
292,12.0,36.0,32.0,1.0,128.2909,325.7204,32.1184,window
294,12.0,34.0,32.0,2.0,135.7368,326.8036,34.1237,window
295,12.0,35.0,32.0,2.0,135.6362,326.7864,34.0833,window
296,12.0,36.0,32.0,2.0,135.99,326.8338,34.1462,window
298,12.0,34.0,32.0,3.0,140.8593,327.5274,35.6832,window
299,12.0,35.0,32.0,3.0,140.8299,327.5222,35.67,window
300,12.0,36.0,32.0,3.0,140.9361,327.5364,35.6857,window
302,12.0,34.0,32.0,4.0,145.3641,328.0925,37.0974,window
303,12.0,35.0,32.0,4.0,145.3631,328.0921,37.0935,window
304,12.0,36.0,32.0,4.0,145.4657,328.1062,37.1194,window
290,12.0,34.0,32.0,1.0,127.2889,325.5941,32.0576,window
291,12.0,35.0,32.0,1.0,127.2546,325.5894,31.9656,window
292,12.0,36.0,32.0,1.0,128.2088,325.7267,32.1118,window
294,12.0,34.0,32.0,2.0,135.7533,326.8029,34.1185,window
295,12.0,35.0,32.0,2.0,135.6375,326.7866,34.0784,window
296,12.0,36.0,32.0,2.0,135.9753,326.8346,34.1417,window
298,12.0,34.0,32.0,3.0,140.8708,327.527,35.6795,window
299,12.0,35.0,32.0,3.0,140.8349,327.522,35.6663,window
300,12.0,36.0,32.0,3.0,140.936,327.5363,35.6822,window
302,12.0,34.0,32.0,4.0,145.3732,328.0923,37.0943,window
303,12.0,35.0,32.0,4.0,145.3695,328.0918,37.0905,window
304,12.0,36.0,32.0,4.0,145.4696,328.1058,37.1165,window
290,12.0,34.0,32.0,1.0,127.2924,325.5948,32.0492,window
291,12.0,35.0,32.0,1.0,127.2569,325.5897,31.958,window
292,12.0,36.0,32.0,1.0,128.2114,325.7265,32.1052,window
294,12.0,34.0,32.0,2.0,135.7551,326.8033,34.1133,window
295,12.0,35.0,32.0,2.0,135.6391,326.7868,34.0734,window
296,12.0,36.0,32.0,2.0,135.9767,326.8348,34.1372,window
298,12.0,34.0,32.0,3.0,140.8721,327.5273,35.6757,window
299,12.0,35.0,32.0,3.0,140.8361,327.5222,35.6626,window
300,12.0,36.0,32.0,3.0,140.9371,327.5365,35.6787,window
302,12.0,34.0,32.0,4.0,145.3742,328.0925,37.0913,window
303,12.0,35.0,32.0,4.0,145.3705,328.092,37.0875,window
304,12.0,36.0,32.0,4.0,145.4705,328.106,37.1136,window
274,12.0,37.0,34.0,1.0,136.2036,326.4268,31.1643,window
275,12.0,37.0,35.0,1.0,136.4589,326.4646,31.1984,window
276,12.0,37.0,36.0,1.0,137.8898,326.6787,31.6262,window
278,12.0,37.0,34.0,2.0,143.8751,327.5445,33.6751,window
279,12.0,37.0,35.0,2.0,144.0756,327.5747,33.7206,window
280,12.0,37.0,36.0,2.0,144.9063,327.6992,33.9727,window
282,12.0,37.0,34.0,3.0,149.3905,328.3326,35.5514,window
283,12.0,37.0,35.0,3.0,149.4877,328.3472,35.5729,window
284,12.0,37.0,36.0,3.0,149.79,328.3925,35.6606,window
286,12.0,37.0,34.0,4.0,154.1238,328.9297,37.1097,window
287,12.0,37.0,35.0,4.0,154.1664,328.936,37.1174,window
288,12.0,37.0,36.0,4.0,154.3466,328.9622,37.1698,window
274,12.0,37.0,34.0,1.0,130.6169,326.0326,31.1568,window
275,12.0,37.0,35.0,1.0,130.9782,326.0857,31.1915,window
276,12.0,37.0,36.0,1.0,133.1923,326.4124,31.6201,window
278,12.0,37.0,34.0,2.0,140.6859,327.498,33.6702,window
279,12.0,37.0,35.0,2.0,141.0156,327.5464,33.716,window
280,12.0,37.0,36.0,2.0,142.35,327.7422,33.9685,window
282,12.0,37.0,34.0,3.0,147.3073,328.4462,35.5478,window
283,12.0,37.0,35.0,3.0,147.4672,328.4696,35.5693,window
284,12.0,37.0,36.0,3.0,147.9659,328.5425,35.6572,window
286,12.0,37.0,34.0,4.0,152.5117,329.1104,37.1066,window
287,12.0,37.0,35.0,4.0,152.5816,329.1205,37.1144,window
288,12.0,37.0,36.0,4.0,152.8377,329.1574,37.1669,window
274,12.0,37.0,34.0,1.0,130.2956,326.024,31.1493,window
275,12.0,37.0,35.0,1.0,130.6529,326.0749,31.1846,window
276,12.0,37.0,36.0,1.0,132.9466,326.4024,31.614,window
278,12.0,37.0,34.0,2.0,140.602,327.4899,33.6654,window
279,12.0,37.0,35.0,2.0,140.9364,327.5371,33.7113,window
280,12.0,37.0,36.0,2.0,142.3143,327.7318,33.9642,window
282,12.0,37.0,34.0,3.0,147.3296,328.4368,35.5441,window
283,12.0,37.0,35.0,3.0,147.4924,328.4597,35.5657,window
284,12.0,37.0,36.0,3.0,148.0081,328.5321,35.6538,window
286,12.0,37.0,34.0,4.0,152.581,329.1006,37.1036,window
287,12.0,37.0,35.0,4.0,152.6524,329.1105,37.1114,window
288,12.0,37.0,36.0,4.0,152.9152,329.1472,37.164,window
274,12.0,37.0,34.0,1.0,130.2864,326.0235,31.1418,window
275,12.0,37.0,35.0,1.0,130.6428,326.0744,31.1777,window
276,12.0,37.0,36.0,1.0,132.9394,326.4024,31.6079,window
278,12.0,37.0,34.0,2.0,140.5984,327.4903,33.6605,window
279,12.0,37.0,35.0,2.0,140.9323,327.5375,33.7066,window
280,12.0,37.0,36.0,2.0,142.3103,327.7323,33.9599,window
282,12.0,37.0,34.0,3.0,147.3267,328.4374,35.5404,window
283,12.0,37.0,35.0,3.0,147.4893,328.4603,35.5621,window
284,12.0,37.0,36.0,3.0,148.0049,328.5327,35.6504,window
286,12.0,37.0,34.0,4.0,152.5783,329.1013,37.1006,window
287,12.0,37.0,35.0,4.0,152.6495,329.1112,37.1084,window
288,12.0,37.0,36.0,4.0,152.9123,329.1479,37.1611,window
306,12.0,32.0,34.0,1.0,147.3677,329.7663,76.2593,window
307,12.0,32.0,35.0,1.0,147.6432,329.8035,76.25,window
308,12.0,32.0,36.0,1.0,149.4625,330.048,76.3814,window
310,12.0,32.0,34.0,2.0,155.9486,330.9443,77.8461,window
311,12.0,32.0,35.0,2.0,156.2101,330.9787,77.8412,window
312,12.0,32.0,36.0,2.0,157.3102,331.1247,77.9033,window
314,12.0,32.0,34.0,3.0,161.9543,331.7743,79.2939,window
315,12.0,32.0,35.0,3.0,162.0911,331.7923,79.291,window
316,12.0,32.0,36.0,3.0,162.5252,331.8496,79.3058,window
318,12.0,32.0,34.0,4.0,166.8864,332.4091,80.6728,window
319,12.0,32.0,35.0,4.0,166.9492,332.4173,80.6698,window
320,12.0,32.0,36.0,4.0,167.1924,332.4501,80.6949,window
306,12.0,32.0,34.0,1.0,153.5395,330.1224,76.2509,window
307,12.0,32.0,35.0,1.0,153.711,330.1454,76.2423,window
308,12.0,32.0,36.0,1.0,154.7545,330.2825,76.3746,window
310,12.0,32.0,34.0,2.0,159.729,330.9674,77.841,window
311,12.0,32.0,35.0,2.0,159.8626,330.9844,77.8364,window
312,12.0,32.0,36.0,2.0,160.4637,331.0621,77.8988,window
314,12.0,32.0,34.0,3.0,164.6258,331.6427,79.2902,window
315,12.0,32.0,35.0,3.0,164.7001,331.6523,79.2874,window
316,12.0,32.0,36.0,3.0,164.9395,331.6831,79.3024,window
318,12.0,32.0,34.0,4.0,169.0816,332.2118,80.6698,window
319,12.0,32.0,35.0,4.0,169.1166,332.2163,80.6669,window
320,12.0,32.0,36.0,4.0,169.2844,332.2387,80.692,window
306,12.0,32.0,34.0,1.0,153.8975,330.1353,76.2424,window
307,12.0,32.0,35.0,1.0,154.0715,330.1604,76.2346,window
308,12.0,32.0,36.0,1.0,155.0235,330.2962,76.3679,window
310,12.0,32.0,34.0,2.0,159.8159,330.9784,77.8359,window
311,12.0,32.0,35.0,2.0,159.9436,330.9966,77.8315,window
312,12.0,32.0,36.0,2.0,160.4961,331.0752,77.8944,window
314,12.0,32.0,34.0,3.0,164.5942,331.6545,79.2866,window
315,12.0,32.0,35.0,3.0,164.6651,331.6646,79.2838,window
316,12.0,32.0,36.0,3.0,164.8858,331.6959,79.2989,window
318,12.0,32.0,34.0,4.0,168.9978,332.2239,80.6669,window
319,12.0,32.0,35.0,4.0,169.0314,332.2286,80.664,window
320,12.0,32.0,36.0,4.0,169.1918,332.2512,80.6892,window
306,12.0,32.0,34.0,1.0,153.9135,330.1363,76.2339,window
307,12.0,32.0,35.0,1.0,154.0879,330.1612,76.2268,window
308,12.0,32.0,36.0,1.0,155.0364,330.2966,76.3611,window
310,12.0,32.0,34.0,2.0,159.8244,330.9783,77.8308,window
311,12.0,32.0,35.0,2.0,159.9525,330.9965,77.8266,window
312,12.0,32.0,36.0,2.0,160.5047,331.0749,77.89,window
314,12.0,32.0,34.0,3.0,164.6012,331.6542,79.2829,window
315,12.0,32.0,35.0,3.0,164.6724,331.6642,79.2802,window
316,12.0,32.0,36.0,3.0,164.8931,331.6954,79.2955,window
318,12.0,32.0,34.0,4.0,169.0044,332.2234,80.6639,window
319,12.0,32.0,35.0,4.0,169.038,332.2281,80.6611,window
320,12.0,32.0,36.0,4.0,169.1984,332.2507,80.6864,window
